,hitokoto,from
0,人生能有几回搏？现在不搏更待何时？珍惜机遇吧，让金色的年华碰撞出更加灿烂的火花！,如果不会飞翔，理想的翅膀反倒成了生活的累赘。
1,让我们一起共勉，互相支持，让我们跑得更快，跑得更好吧！哪怕路上有风雨，哪怕途中有坎坷，只要不放弃奔跑，不放弃对自我的修行，我们终究会创造属于自己的生命奇迹！,自信就如一副眼镜，帮助近视的人打开光明之路；自信就如一台电脑帮助无知的人们开阔视野；自信就如一台学习机，帮助学习差的同学提高成绩；
2,人生是个圆，有的人走了一辈子也没有走出命运画出的圆圈，其实，圆上的每一个点都有一条腾飞的切线。,买得起自己喜欢的东西，去得了自己想去的地方，不会因为身边人的来或走损失生活的质量，反而会因为花自己的钱，来得更有底气一些，这就是应该更努力的原因。
3,目标的实现建立在“我要成功”的强烈愿望上。,退一步，并不象征我认输；放手，并不表示我放弃；微笑，并不意味我快乐！
4,在你内心深处，还有无穷的潜力，有一天当你回首看时，你就会知道这绝对是真的。,人生只有经历酸甜苦辣，才懂得人间的味道，因此也必须学会珍惜人生和珍惜感情。
5,用理想去成就人生，不要蹉跎了岁月。,学习这件事，不是缺乏时间，而是缺乏努力。
6,与积极的人在一起，可以让我们心情高昂。,不再妄想，没了那么多的渴望也就不会失望。
7,所谓内心的快乐，是一个人过着健全的正常的和谐的生活所感人生所有的欢乐是创造的欢乐：爱情天才行动——全靠创造这一团烈火进射出来的。,人生能有几回搏？现在不搏更待何时？珍惜机遇吧，让金色的年华碰撞出更加灿烂的火花！
8,信念是一把无坚不摧的利刃。,那些属于我们的青春故事幸福，如今，都不复存在了，现在我们又有什么渴望的呢?
9,钉子有两个长处：一个是“挤”劲，一个是“钻”劲。我们在学习上，也要提倡这种“钉子”精神，善于挤和钻。,处事不必求功，无过便是功。为人不必感德，无怨便是德。
10,当一个人真正觉悟的一刻，他放弃追寻外在世界的财富，而开始追寻他内心世界的真正财富。,不管学历如何，读书多了，内心充实，精神自然丰富。不管长相如何，锻炼久了，减脂塑形，精自然充沛，然后你会遇见全新的自己。
11,没有伞的孩子必须努力奔跑！,提起青春，人们会想到初升的太阳；说起青春，人们会看到含苞待放的花蕾；谈起青春，人们会听到初春时的雨声。
12,不要被任何人打乱自的脚步，因为没有谁会像你一样清楚和在乎自己梦想。,美丽只有同谦虚结合在一起，才配称美丽。没有谦虚的美丽，不是美丽，顶多只能是好看。
13,世间最容易的事是坚持，最难的事也是坚持。要记住，坚持到底就是胜利。,低头哭过别忘了抬头继续走。
14,如果不想做点事情，就甭想到达这个世界上的任何地方。,人总是珍惜未得到的，而遗忘了所拥有的。
15,不要轻易用过去来衡量生活的幸与不幸!每个人的生命都是能够绽放美丽的，只要你珍惜。,不是境况造就人，而是人造就境况。
16,成功的道路上，肯定会有失败；对于失败，我们要正确地看待和对待，不怕失败者，则必成功；怕失败者，则一无是处，会更失败。,你的选择是做或不做，但不做就永远不会有机会。
17,世上只有想不通的人，没有走不通的路。,成功者和其他人最大的区别就是，他们真正动手去做了。
18,没有人值得你流泪，值得让你这么做的人不会让你哭泣。,要培养各方面的潜力，包括承受悲惨命运的潜力。
19,逆境给人宝贵的磨炼机会。只有经得起环境考验的人，才能算是真正的强者。自古以来的伟人，大多是抱着不屈不挠的精神，从逆境中挣扎奋斗过来的。,没有人陪你走一辈子，所以你要适应孤独，没有人会帮你一辈子，所以你要奋斗一生。
20,人之所以有一张嘴，而有两只耳朵，原因是听的要比说的多一倍。,我一直觉得，忧愁是好的，孤独也是好的，他们让我慢慢成长，变成一个与众不同的混蛋。
21,成功不是将来才有的，而是从决定去做的那一刻起，持续累积而成。,种子牢记着雨滴献身的叮嘱，增强了冒尖的气。
22,走得最慢的人，只要他不丧失目标，也比漫无目的地徘徊的人走得快。,眼泪不是答案，拼搏才是选择。只有回不了的过去，没有到不了的明天。
23,现在你不玩命的学，以后命玩你。,人有两条路要走， 一条是必须走的，一条是想走的，你必须把必须走的路走漂亮，才可以走想走的路。
24,你既然期望辉煌伟大的一生，那么就就应从今日起，以毫不动摇的决心和坚定不移的信念，凭自己的智慧和毅力，去创造你和人类的快乐。,我不怕痛苦，只怕丢掉倔强，我不怕磨难，只怕失去你。
25,最可怕的敌人，就是没有坚强的信念。,梦想从这刻起，并不只是个幻想，靠自己它能成为现实中的一部分。
26,一个人的意志力量不够推动他自己，他就失败，谁最能推动自己，谁就最先得到成功。,只做第一个我，不做第二个谁。
27,新的一天，新的开始，忘记昨日的悲伤，留住昨日的快乐。,低落只是情感的寄托罢了，单纯的情绪而已。
28,常求有利别人，不求有利自己。,如果惧怕前面跌宕的山岩，生命就永远只能是死水一潭。
29,虽然信念有时薄如蝉翼，但只要坚持，它会越来越厚的。,微笑拥抱每一天，做像向日葵般温暖的女子。
30,志在山顶的人，不会贪念山腰的风景。,能坚持别人不能坚持的，才能拥有别人不能拥有的。
31,只有脚踏实地的人，才能够说：路，就在我的脚下。,梦想是注定孤独的旅行，路上少不了质疑和嘲笑，但那又怎样，哪怕遍体鳞伤也要活的漂亮。
32,要成功，不要与马赛跑，要骑在立刻，立刻成功。,不相信奇迹的人永远都不会创造奇迹。
33,松驰的琴弦，永远奏不出时代的强音。,跌倒，撞墙，一败涂地，都不用害怕，年轻叫你勇敢。
34,逆境给人宝贵的磨炼机会。只有经得起环境考验的人，才能算是真正的强者。自古以来的伟人，大多是抱着不屈不挠的精神，从逆境中挣扎奋斗过来的。,未必钱多乐便多，财多累己招烦恼。清贫乐道真自在，无牵无挂乐逍遥。
35,早晨给自己一个微笑，种下一天？阳光。,虽然信念有时薄如蝉翼，但只要坚持，它会越来越厚的。
36,困，你是人类艺术的源泉，你将伟大的灵感赐予诗人。,天塌下来，有个高的人帮你扛着，但是你能保证，天塌下来的时候，个儿高的人没在弯腰吗？之后，还不是得靠自己！
37,梦想是一个天真的词，实现梦想是个残酷的词。,很多东西宁缺毋滥，流星的光芒短暂而灼热闪耀。
38,生活不可能像你想的那么美好，但也不会像你想的那么糟。,机遇是难求的，失去了就不会再来，把握好现有的机会，努力进取，那么你将会得到不菲的收获。
39,学习必须与实干相结合。,人生充满着期待，梦想连接着未来。
40,山路曲折盘旋，但毕竟朝着顶峰延伸。,世上的事，只要肯用心去学，没有一件是太晚的。要始终保持敬畏之心，对阳光，对美，对痛楚。
41,现在你不玩命的学，以后命玩你。,经验是由痛苦中粹取出来的。
42,我们这个世界，从不会给一个伤心的落伍者颁发奖牌。,向往巅峰，向往高度，结果巅峰只是一道刚能立足的狭地。不能横行，不能直走，只享一时俯视之乐，怎可长久驻足安坐？
43,人有两条路要走， 一条是必须走的，一条是想走的，你必须把必须走的路走漂亮，才可以走想走的路。,一个有信念者所开发出的力量，大于九十九个只有兴趣者。
44,前有阻碍，奋力把它冲开，运用炙热的活力，转动心中的期待，血在澎湃，吃苦流汗算什么。,在路上，寻找一个继续的理由，寻找一个曾经的梦想。
45,明天是世上增值最快的一块土地，因它充满了希望。,欲戴王冠，必承其重。哪有什么好命天赐，不都是一路披荆斩棘才换来的。
46,没有比人更高的山，没有比脚更长的路。,弱者，连死的方式都无从选择。
47,在茫茫沙漠，唯有前时进的脚步才是希望的象征。,自己喜欢的日子，就是最美的日子；适合自己的生活，是最好的活法。
48,如果你明白你去的方向，全世界都会为你让路。,怕什么路途遥远。走一步有一步的风景，进一步有一步的欢喜。幸福，在路上。
49,无志者常立志，有志者立常志，咬定一个目标的人最容易成功。,别太勉强自己，人们也许会这样说，但是请勉强自己到死的程度，反正也不会真的死掉。
50,任何事物都不如习惯那样强有力。,愿你保持善良，从此拥有远方。
51,放手如拔牙。牙被拔掉的那一刻，你会觉得解脱。但舌头总会不由自主地往那个空空的牙洞里舔，一天数次。不痛了不代表你能完全无视，留下的那个空缺永远都在，偶尔甚至会异常挂念。适应是需要时间的，但牙总是要拔，因为太痛，所以终归还是要放手，随它去。,这个世界到处充满着不公平，我们能做的不仅仅仅仅是理解，还要试着做一些反抗。
52,这世界上没有绝对的感同身受能帮你的也只有你自己。,要使理想的宫殿变成现实的宫殿，须透过埋头苦干，不声不响的劳动，一砖一瓦的建造。
53,应当随时学习，学习一切；应该集中全力，以求知道得更多，知道一切。,不要生气要争气，不要看破要突破，不要嫉妒要欣赏，不要拖延要用心，不要心动要行动。
54,想全力以赴一次，不必考虑结果会如何，努力了就好。,不要把负能量看做是消极，仇恨。其实它的作用是激励，它其实是现实。
55,人生太苦，多加点糖。,能力配不上野心，是所有烦扰的根源。这个世界是公平的，你要想得到，就得学会付出和坚持。每个人都是通过自己的努力，去决定生活的样子。
56,当有人说你是傻瓜时，证明你离成功不远了。,你心里最崇拜谁，不必变成那个人，而是用那个人的精神和方法，去变成你自己。
57,坚韧是成功的一大要素，只要在门上敲得够久.够大声，终会把人唤醒的。,一个人没有钱并不必须就穷，但没有梦想那就穷定了。
58,除了放弃尝试以外没有失败！,猛兽总是独行，牛羊才成群结队。
59,如果你不想做，你能够找一个理由，如果你肯做，你也能够自已找一个方法。,一个人只要强烈地坚持不懈地追求，他就能达到目的。你在希望中享受到的乐趣，比将来实际享受的乐趣要大得多。
60,天下没有不可能的事，只要你有信心有勇气，腔子里有热血，灵魂里有真爱。,把黑暗的那一面，擦得光亮一点，可以让缺点变得更圆满些。
61,萤火虫的光点虽然微弱，但亮着便是向黑暗挑战。,没有比人更高的山，没有比脚更长的路。
62,低头是一种能力，它不是自卑，也不是怯弱，它是清醒中的嬗变。,很多东西宁缺毋滥，流星的光芒短暂而灼热闪耀。
63,每个人的心里，都藏着一个了不起的自己，只要你不颓废，不消极，一直悄悄酝酿着乐观，培养着豁达，坚持着善良，只要在路上，就没有到达不了的远方！,千万人的失败，都有是失败在做事不彻底，往往做到离成功只差一步就终止不做了。
64,用这生命中的每一秒，给自己一个不后悔的未来。,如果没有健康，智慧就无法表露，文化就无法施展，力量就无法战斗，知识就无法利用。
65,困难与折磨对于人来说，是一把打向坯料的锤，打掉的应是脆弱的铁屑，锻成的将是锋利的钢刀。,如果不会飞翔，理想的翅膀反倒成了生活的累赘。
66,常自认为是福薄的人，任何不好的事情发生都合情合理，有这样平常心态，将会战胜很多困难。,前方无绝路，希望在转角。
67,如果你的面前有阴影，那是因为你的背后有阳光。,世上没有绝望的处境，只有对处境绝望的人。
68,路靠自己走，就算再坎坷，也要自己过。,你的选择是做或不做，但不做就永远不会有机会。
69,成功的道路上，肯定会有失败；对于失败，我们要正确地看待和对待，不怕失败者，则必成功；怕失败者，则一无是处，会更失败。,快乐，使生命得以延续。快乐，是精神和肉体的朝气，是希望和信念，是对自己的现在和来来的信心，是一切都该如此进行的信心。
70,人生“七个然”：凡事顺其自然，遇事处之泰然，得意之时淡然，失意之时坦然，艰辛曲折必然，历尽沧桑悟然，愿你活得悠然，人生七个然送给你。,"滴水穿石,不是力量大,而是功夫深。"
71,静坐常思己过，闲谈莫论人非，肯吃亏不是痴人，能受苦乃为志士，敬君子方显有德，怕小人不算无能，退一步天高地阔，知足者人心常乐！,蔚蓝的天空虽然美丽，经常风云莫测的人却是起落无从。但他往往会成为风云人物，因为他经得起大风大浪的考验。
72,请记得，好朋友的定义是：你混的好，她打心眼里为你开心；你混的不好，她由衷的为你着急。,那些再也没法弥补的遗憾，你只能配着酒和曾经围绕在那个故事旁边的人，偶尔说一说。
73,不再妄想，没了那么多的渴望也就不会失望。,没有谁的幸运，凭空而来。只有当你足够努力，你才会足够幸运，这世界不会辜负每一份努力和坚持。
74,人生就那么短，不要为了变成别人喜欢的样子，委屈了自己。该开心时开心，想发泄就发泄。过好自己的生活的第一件事，就是为自己而活。,让我们将事前的忧虑，换为事前的思考和计划吧！
75,常自认为是福薄的人，任何不好的事情发生都合情合理，有这样平常心态，将会战胜很多困难。,旁观者的姓名永远爬不到比赛的计分板上。
76,行动不一定带来快乐，而无行动则决无快乐。,人生之路多坎坷，摔个跟头别难过，爬起来，掸掸土，前方就是一片乐土。
77,征服畏惧建立自信的最快最确实的方法，就是去做你害怕的事，直到你获得成功的经验。,人为善，福虽未至，祸已远离；人为恶，祸虽未至，福已远离。
78,生命对某些人来说是美丽的，这些人的一生都为某个目标而奋斗。,人只要不失去方向，就不会失去自己。
79,一个人若想学会滑冰，那么他必须要做好在冰上摔跤的准备。,绝大多数人，在绝大多数时候，都只能靠自己。
80,最常见的勇气就是在日常生活中做到诚实和正直，能够抵制诱惑，敢于讲真话，表现自己真实的一面，而不要虚伪造作。,如果你坚信石头会开花，那么开花的不仅仅是石头。
81,生活从来不会刻意亏欠谁，它给了你一块阴影，必会在不远的地方撒下阳光。,这世上，没有谁活得比谁容易，只是有人在呼天抢地，有人在默默努力。
82,勤奋是你生命的密码，能译出你一部壮丽的史诗。,我一定要赢了自己，赢了伤痛，能够重新返回赛场。这样才能让那些怀疑我的人重新思考，什么叫将不可能变成可能。
83,不要说你不会做！你是个人你就会做！,天寒地冻不会太久，春风正在来的路上。
84,买得起自己喜欢的东西，去得了自己想去的地方，不会因为身边人的来或走损失生活的质量，反而会因为花自己的钱，来得更有底气一些，这就是应该更努力的原因。,梦想是一个天真的词，实现梦想是个残酷的词。
85,学习本无底，前进莫彷徨。,时间就像一张网，你撒在哪里，你的收获就在哪里。纽扣第一颗就扣错了，可你扣到最后一颗才发现。有些事一开始就是错的，可只有到最后才不得不承认。
86,如果圆规的两只脚都动，永远也画不出一个圆。,用理想去成就人生，不要蹉跎了岁月。
87,成功与不成功之间有时距离很短——只要后者再向前几步。,自己喜欢的日子，就是最美的日子；适合自己的生活，是最好的活法。
88,不求尽如人意，但求问心无愧。正能量励志语录：奋斗的正能量句子，每天一句，让你振奋一整年！,我不知道年少轻狂，我只知道胜者为王。
89,买得起自己喜欢的东西，去得了自己想去的地方，不会因为身边人的来或走损失生活的质量，反而会因为花自己的钱，来得更有底气一些，这就是应该更努力的原因。,懂得感恩，是收获幸福的源泉。懂得感恩，你会发现原来自己周围的一切都是那样的美好。
90,生活总是让我们遍体鳞伤，可是后来，那些受过的伤终将长成我们最强壮的地方。,成功与失败都是暂时的，在成功处跌到便是失败，在失败处勇敢站起就是成功。
91,所有运气都藏在善良里。,不为失败找理由，只为成功找方法。
92,你是唯一的，你是十分独特的，你就是你生命中的第一名。,成长是一场和自己的比赛，不要担心别人会做得比你好，你只需要每天都做得比前一天好就可以了。
93,时间是个常数，但也是个变数。勤奋的人无穷多，懒惰的人无穷少。,什么时候离光明最近？那就是你觉得黑暗太黑的时候。
94,自己丰富才感知世界丰富，自己善良才感知社会美好，自己坦荡才感受生活喜悦，自己成功才感悟生命壮观！,世上只有想不通的人，没有走不通的路。
95,在世界的历史中，每一伟大而高贵的时刻都是某种热忱的胜利。,我们愈是学习，愈觉得自己的贫乏。
96,海到无边天作岸，山登绝顶我为峰。,宁可辛苦一阵子，不要苦一辈子。
97,世界上最受欢迎的人从来不是那种不停地往后看着昨天的困苦.悲伤.失败和惨痛挫折的人，而是那种怀着信心.希望.勇气和愉快的求知欲而放眼未来的人。,梦想也许今天无法实现，明天也不行，但是只要今天的自己比昨天的自己足够努力，就会距离梦想近一步。
98,当有人说你是傻瓜时，证明你离成功不远了。,不论你在什么时候开始，重要的是开始之后就不要停止。
99,就算跑最后一名又怎样，至少我又运动精神。而且我必须会跑完全程，只要跑到终点我就成功了！,学会在困难面前微笑，困难就变得容易了，学会在坎坷面前微笑，坎坷就容易跨越了，学会在生活中微笑，生活就变得多彩了，常常微笑，笑看人生。
100,成功者绝不给自己软弱的借口。,穷则思变，既要变，又要实干。
101,一个人在外面，没啥，就是要有一颗坚强的心。,谁不是一边受伤，一边学会坚强。
102,虽然我们无法改变人生，但能够改变人生观。虽然我们无法改变环境，但我们能够改变心境。,如果你的梦想还站着的话，那么没有人能使你倒下。
103,要成功，先发疯，头脑简单向前冲。,只有经历过地狱般的折磨，才有征服天堂的力量。只有流过血的手指才能弹出世间的绝唱。
104,人生就像骑单车，想持续平衡就得往前走。,耐心点，坚强点；总有一天，你承受过的疼痛会有助于你。
105,让我们一起共勉，互相支持，让我们跑得更快，跑得更好吧！哪怕路上有风雨，哪怕途中有坎坷，只要不放弃奔跑，不放弃对自我的修行，我们终究会创造属于自己的生命奇迹！,意志力是人的一条救生索，它可以帮助我们脱离困境，引导我们走向胜利。
106,要培养各方面的潜力，包括承受悲惨命运的潜力。,如果我不坚强，那就等着别人来嘲笑。
107,我们不要哀叹生活的不幸，诅咒命运的不公。在命运面前，我们要做强者，掐住命运的咽喉，叩问命运，改变命运。,没有人要求你必须卓越，除了你自己。没有人能一步到达卓越，只需每一天进步一点点。
108,从来不跌倒不算光彩，每次跌倒后能再站起来，才是最大的荣耀。,成功的信念在人脑中的作用就如闹钟，会在你需要时将你唤醒。
109,不要盲目跟随人家的思维，人家会说你就会跟别人学。,人若有志，就不会在半坡停止。
110,如果你希望成功，以恒心为良友，以经验为参谋，以小心为兄弟，以希望为哨兵。,人生每天都要笑，生活的下一秒发生什么，我们谁也不知道。所以，放下心里的纠结，放下脑中的烦恼，放下生活的不愉快，活在当下。人生喜怒哀乐，百般形态，不如在心里全部淡然处之，轻轻一笑，让心更自在，生命更恒久。积极者相信只有推动自己才能推动世界，只要推动自己就能推动世界。
111,你是老师的百分之一，是父母的百分之五十，但却是你自己的百分之百，所以要非常非常努力，去追求自己想要的一切。,你出生的时候，你哭着，周围的人笑着；你逝去的时候，你笑着，而周围的人在哭！一切都是轮回!!!!我们都在轮回中！
112,努力不一定成功，但放弃一定失败只有学会如何停下来的人，才懂加速。,任何业绩的质变都来自于量变的积累。
113,承诺是一件美好的事情，但美好的东西往往不会变为现实。,理想的路总是为有信心的人预备着。
114,我们的不满足大部分并非源自于疾病或物质上的困境，而是未能充分活出自己。不知道自己是谁，不认识我们真正的存在本质，无法自在地做自己，所以才会有情绪上的苦恼。,伟大的成就，来自为远大的目标所花费的巨大心思和付诸的最大努力。
115,从今天开始，每天微笑吧，世上除了生死，都是小事。,奋斗的路上，时间总是过得很快，目前的困难和麻烦是很多，但是只要不忘初心，脚踏实地一步一步的朝着目标前进，最后的结局交给时间来定夺。
116,生活不是让你用来妥协的。你退缩得越多，那么能够让你喘息的空间也就是越少。,一个人，如果连自己的情绪都控制不了，即便给你整个世界，你也早晚毁掉一切！人生最了不起的四种心境：痛而不言、笑而不语、迷而不失、惊而不乱。
117,在真实的性命里，每桩伟业都由信心开始，并由信心跨出第一步。,生活不可能像你想的那么美好，但也不会像你想的那么糟。
118,天塌下来，有个高的人帮你扛着，可是你能保证，天塌下来的时候，个儿高的人没在弯腰吗？之后，还不是得靠自己！,机不可失，时不再来。
119,人生最精彩的不是实现梦想的一瞬间，而是坚持梦想的过程。,抬得起头，无论身处逆境还是顺境中，都要保持一种乐观进取的心态。
120,很多事情努力了未必有结果，但是不努力却什么改变也没有。,如果圆规的两只脚都动，永远也画不出一个圆。
121,学习是一次独立的行动，需要探索.琢磨.积极应战.顽强应战，艰辛由你独自承担，胜利由你独立争取。,身安不如心安，屋宽不如心宽。
122,不去期望，失去了不会伤心，得到了便是惊喜。,一个人有生就有死，但只要你活着，就要以最好的方式活下去。
123,对于攀登者来说，失掉往昔的足迹并不可惜，迷失了继续前时的方向却很危险。,父母是教科书，朋友是参考书，爱人是工具书，邻居是报纸杂志，美女是画报。
124,没有天生的信心，只有不断培养的信心。,只要一息尚存，我就要坚持到底，因为我已明白成功的一大法则：坚持到底，就是胜利。
125,一切事无法追求完美，唯有追求尽力而为。这样心无压力，出来的结果反而会更好。,有时候，你放弃了某人，并不是因为你不再在乎，而是因为你意识到他已不在乎了。现在才懂，原来一个人可以难过到，没有情绪，没有言语，没有表情。
126,有些事情，不谈是个结，谈开了是个疤。,我走的很慢，但我从不后退。
127,进则安居以行其志，退则安居以修其所未能，则进亦有为，退亦有为也。,即使爬到最高的山上，一次也只能脚踏实地地迈一步。
128,有时候，坚持了你最不想干的事情之后，会得到你最想要的东西。,不大可能的事也许这天实现，根本不可能的事也许明天会实现。
129,时间是有限的，所以不要把时间浪费在走别人的路上。,人生伟业的建立，不在能知，乃在能行。
130,用心的人在每一次忧患中都看到一个机会，而消极的人则在每个机会都看到某种忧患。,大家常说一句话，认真你就输了，可是不认真的话，这辈子你就废了，自己的人生都不认真面对的话，那谁要认真对待你。
131,与其相信依靠别人，不如相信依靠自己。,一个人只有投身于伟大的时代洪流中，他的生命才会闪耀出光彩。
132,走好自己的路，让别人说去。,有智慧才能分辨善恶邪正;有谦虚才能建立美满人生。
133,成功者和其他人最大的区别就是，他们真正动手去做了。,我要的未来，要靠我自己去拼。
134,希望：我喜欢的人不要滚滚而来；更希望：我不喜欢的人滚滚而去。,松驰的琴弦，永远奏不出时代的强音。
135,平时没有跑发卫千米，占时就难以进行一百米的冲刺。,我们可以不必理会别人奢侈的掌声，但应在乎自己在胜利征途上迈出坚实的每一个脚印。
136,你特么的看看你现在的样子?还是我爱的那个你么?,当一个人真正觉悟的一刻，他放弃追寻外在世界的财富，而开始追寻他内心世界的真正财富。
137,一切事无法追求完美，唯有追求尽力而为。这样心无压力，出来的结果反而会更好。,智者一切求自己，愚者一切求他人。
138,失败的定义：什么都要做，什么都在做，却从未做完过，也未做好过。,时间告诉我，无理取闹的年龄过了，该懂事了。
139,人生最困难的不是努力，也不是奋斗，而是做出正确的抉择。,很多东西宁缺毋滥，流星的光芒短暂而灼热闪耀。
140,决定今天的不是今天，而是昨天对人生的态度；决定明天的不是明天，而是今天对事业的作为。我们的今天由过去决定，我们的明天由今天决定！,用理想去成就人生，不要蹉跎了岁月。
141,不如意的时候不要尽往悲伤里钻，想想有笑声的日子吧。,若不给自己设限，则人生中就没有限制你发挥的藩篱。
142,我一直觉得，忧愁是好的，孤独也是好的，他们让我慢慢成长，变成一个与众不同的混蛋。,好的，坏的……一切都是你的，有必要自卑吗？
143,犯错，就诚实地认错。狡辨诿过只会害了你自己。,莫妒他长，妒长，则己终是短。莫护己短，护短，则己终不长。
144,人总是在失去了才知道珍惜！,不求与人相比，但求超越自己，要哭就哭出激动的泪水，要笑就笑出成长的性格。
145,不要说你不会做！你是个人你就会做！,如果你不相信努力和时光，那么时光第一个就会辜负你。不要去否定你的过去，也不要用你的过去牵扯你的未来。不是因为有希望才去努力，而是努力了，才能看到希望。
146,没有激流就称不上勇进，没有山峰则谈不上攀登。,在生命里寻觅快乐的方法，就是了解你被赋予生命是为了奉献。
147,学习必须与实干相结合。,站在巨人的肩上是为了超过巨人。
148,学习这件事，不是缺乏时间，而是缺乏努力。,人若有志，就不会在半坡停止。
149,未曾失败的人恐怕也未曾成功过。,没有礁石，就没有美丽的浪花;没有挫折，就没有壮丽的人生。
150,当你孤独时，风儿就是我的歌声，愿它能使你得到片刻的安慰；当你骄傲时，雨点就是我的警钟，愿它能使你获得永恒的谦逊。,今天所有的懒惰都会换来明天的卑微。
151,要培养各方面的潜力，包括承受悲惨命运的潜力。,觉得自己做的到和不做的到，其实只在一念之间。
152,真正的财富是一种思维方式，而不是一个月收入数字。,世界太大，生命这样短。要把它过得尽量像自己想要的那个样子。
153,你若想要得到，就别只是期望。人生短暂，经不起等待。,太阳照亮人生的路，月亮照亮心灵的路。
154,把脸一直向着阳光，这样就不会见到阴影。,每个人都有潜在的能量，只是很容易被习惯所粉饰，被时光所迷离，被惰性所消磨。
155,别太勉强自己，人们也许会这样说，但是请勉强自己到死的程度，反正也不会真的死掉。,一定的忧愁.痛苦或烦恼，对每个人都是时时必需的。一艘船如果没有压舱物，便不会稳定，不能朝着目的地一直前进。
156,我们什么都没有，唯一的本钱就是青春。梦想让我与众不同，奋斗让我改变命运！,收拾一下情绪，开始下一个新的开始。
157,困难与折磨对于人来说，是一把打向坯料的锤，打掉的应是脆弱的铁屑，锻成的将是锋利的钢刀。,怕什么路途遥远。走一步有一步的风景，进一步有一步的欢喜。幸福，在路上。
158,其实一向陪着你的，是那个了不起的自己。,胜利女神不一定眷顾所有的人，但曾经尝试过，努力过的人，他们的人生总会留下痕迹!
159,时光匆匆流逝过，平平淡淡才是真。忍耐任由风雨过，守得云开见月明。,雄心壮志是茫茫黑夜中的北斗星。
160,成功这件事，自己才是老板！,不如意的时候不要尽往悲伤里钻，想想有笑声的日子吧。
161,让坚持成为一种信仰。,懂得低头，才能出头。
162,不要去拒绝忙碌，因为它是一种充实；不要去抱怨挫折，因为它是一种坚强；不要去拒绝微笑，因为它是你最大的魅力。,过错是暂时的遗憾，而错过则是永远的遗憾！
163,耐得住寂寞，守得住繁华！,这场游戏，并不是由你来决定输赢，决定我们的命运。
164,成功者和其他人最大的区别就是，他们真正动手去做了。,当你孤独时，风儿就是我的歌声，愿它能使你得到片刻的安慰；当你骄傲时，雨点就是我的警钟，愿它能使你获得永恒的谦逊。
165,人生就像掌纹，尽管错综复杂，却始终掌握在自己手中。,顽强的毅力能够征服世界上任何一座高峰。
166,跑昨越快，遇到风的阻力越大。阻力与成就相伴随。,学习本无底，前进莫彷徨。
167,不是井里没有水，而是挖的不够深；不是成功来得慢，而是放弃速度快。得到一件东西需要智慧，放弃一样东西则需要勇气！,不懂什么叫屈服，也没有什么命中注定，我们生来就是要翻盘的
168,不要试图控制别人，不要要求别人理解你。,一个人在外面，没啥，就是要有一颗坚强的心。
169,路的尽头，仍然是路，只要你愿意走。,当你感到悲哀痛苦时，最好是去学些什么东西。学习会使你永远立于不败之地。
170,没有伞的孩子，必须努力奔跑！,生命的奖赏远在旅途终点，而非起点附近。我不知道要走多少步才能达到目标，踏上第一千步的时候，仍然可能遭到失败。但我不会因此放弃，我会坚持不懈，直至成功！
171,有太多的欲望，随遇而安吧。,我们的生命，就是以不断出发的姿势得到重生。
172,失败只是暂时停止成功，假如我不能，我就一定要；假如我要，我就一定能！,只要有彩虹出現，明天就一定有希望。
173,有时稍微低下头，或许我们人生路会更加精彩，我们的能力也会有所长进。,在问题出现的一瞬间，一定要控制自己的情绪，不要发火，不要偏激，不要说出什么过激的话，要懂得忍耐。
174,生活中的许多事，并不是我们不能做到，而是我们不相信能够做到。,一个人除非自己有信心，否则带给别人信心。
175,不要因为打折就买不需要的东西，不要因为空虚就爱不合适的人。,其实，世事皆可作如此观，有浪，但船没沉，何妨视作无浪；有陷阱，但人未失足，何妨视作坦途。
176,决定今天的不是今天，而是昨天对人生的态度；决定明天的不是明天，而是今天对事业的作为。我们的今天由过去决定，我们的明天由今天决定！,功到自然成，成功之前难免有失败，然而只要能克服困难，坚持不懈地努力，那么，成功就在眼前。
177,当你感到悲哀痛苦时，最好是去学些什么东西。学习会使你永远立于不败之地。,有种脾气叫，不放弃。
178,无论有多困难，都坚强地抬头挺胸，告诉所有人，你并非他们想象的那样不堪一击。,学习必须如蜜蜂一样，采过许多花，这才能酿出蜜来。
179,乌云的背后是阳光，阳光的背后是彩虹。,人生最重要的一点是，永远不要迷失自己。
180,当你能飞的时候就不要放弃飞;当你有梦的时候就不要放弃梦。,赢了自己才能成功。
181,没有伞的孩子，必须努力奔跑！,所谓内心的快乐，是一个人过着健全的正常的和谐的生活所感人生所有的欢乐是创造的欢乐：爱情天才行动——全靠创造这一团烈火进射出来的。
182,生活远没有咖啡那么苦涩，关键是喝它的人怎么品味！每个人都喜欢和向往随心所欲的生活，殊不知随心所欲根本不是生活。,上天不会亏待努力的人，也不会同情假勤奋的人，你有多努力时光它知道。
183,不要轻易用过去来衡量生活的幸与不幸!每个人的生命都是能够绽放美丽的，只要你珍惜。,敢于向黑暗宣战的人，心里必须充满光明。
184,不要因为打折就买不需要的东西，不要因为空虚就爱不合适的人。,人生之路多坎坷，摔个跟头别难过，爬起来，掸掸土，前方就是一片乐土。
185,当有人说你是傻瓜时，证明你离成功不远了。,让你难过的事情，有一天，你一定会笑着说出来。
186,没完没了的工作，就是为了明日复明日的生活。,人有两条路要走， 一条是必须走的，一条是想走的，你必须把必须走的路走漂亮，才可以走想走的路。
187,苦心人天不负，卧薪尝胆，三千越甲可吞吴。有志者事竞成，破釜沉舟，百二秦川终属楚。,透过云端的道路，只亲吻攀登者的足迹。
188,用行动祈祷比用言语更能够使上帝了解。,在真实的生命里，每桩伟业都由信心开始，并由信心跨出第一步。
189,一定的忧愁.痛苦或烦恼，对每个人都是时时必需的。一艘船如果没有压舱物，便不会稳定，不能朝着目的地一直前进。,人生能有几回搏？现在不搏更待何时？珍惜机遇吧，让金色的年华碰撞出更加灿烂的火花！
190,熬那些很苦的日子一点都不难，因为我知道它会变好。,用行动祈祷比用言语更能够使上帝了解。
191,真正能走过风雨的，唯热爱与坚守。,你别羡慕她的漂亮，总会有人爱上你的善良。
192,奔忙中，你来我往，遇见的都是缘分。茫茫人海，一生当中的擦肩相遇少之可怜，更何况相识与相知。,人活着就要快乐。
193,身安不如心安，屋宽不如心宽。,真正的强者，不是流泪的人，而是含泪奔跑的人。
194,坚强是内心的强大，能够肩负起相应的职责。,不自重者，取辱。不自长者，取祸。不自满者，受益。不自足者，博闻。
195,许多人缺少的不是美，而是自信的气质。,沙漠里的脚印很快就消逝了。一支支奋进歌却在跋涉者的心中长久激荡。
196,学习是一次独立的行动，需要探索.琢磨.积极应战.顽强应战，艰辛由你独自承担，胜利由你独立争取。,生命很残酷，用悲伤让你了解什么叫幸福，用噪音教会你如何欣赏寂静，用弯路提醒你前方还有坦途。
197,我本微末凡尘，可也心向天空。,只有收获，才能检验耕耘的好处；只有贡献，方可衡量人生的价值。
198,我们的事业就是学习再学习，努力积累更多的知识，因为有了知识，社会就会有长足的进步，人类的未来幸福就在于此。,顽强的毅力改变能够征服世界上任何一座高峰。
199,我想要自由飞翔，这一刻，我对自己说，我不在胆怯。,爬上最高的境界，你会陡然发现：那里的景色竟然是你司空见惯的。
200,每一发奋努力的背后，必有加倍的赏赐。,当你觉得没有人来爱你，别人看见的就是可怜兮兮，毫无魅力的你。
201,上天完全是为了坚强你的意志，才在道路上设下重重的障碍。,最值得欣赏的风景，是自己奋斗的足迹。
202,只做第一个我，不做第二个谁。,千万别迷恋网络游戏，要玩就玩好人生这场大游戏。
203,只会幻想而不行动的人，永远也体会不到收获果实时的喜悦。,人在旅途，难免会遇到荆棘和坎坷，但风雨过后，一定会有美丽的彩虹。
204,微笑，是强者对人生最完美的诠释；微笑，是从从容容的人生态度。,不为模糊不清的未来担忧，只为清清楚楚的此刻努力。
205,坚信就是强大，怀疑只会抑制潜质，而信仰就是力量。,如果我不坚强，那就等着别人来嘲笑。
206,"山涧的泉水经过一路曲折,才唱出一支美妙的歌。",如果努力就可以做到的事情，为什么不去做。
207,积极的人在每一次忧患中都看到一个机会，而消极的人则在每个机会都看到某种忧患。,不必太纠结于当下，也不必太忧虑未来，当你经历过一些事情的时候，眼前的风景已经和从前不一样了。
208,也许错过一瞬，就是错过一世。,你始终不属于我，属于我的只是我自己。
209,只要心里还存着不甘心，就还没到放弃的时候。,身安不如心安，屋宽不如心宽。
210,只有登上山顶，才能看到那边的风光。,人生太苦，多加点糖。
211,输了就是输了，没什么好去解释的，不过是一盘棋，何必去计较。,永不言败是追究者的最佳品格。
212,不要活在别人眼中，更不要活在别人嘴中。世界不会因为你的抱怨不满而为你改变，你能做到的只有改变你自己！,时光匆匆流逝过，平平淡淡才是真。忍耐任由风雨过，守得云开见月明。
213,坚信就是强大，怀疑只会抑制潜质，而信仰就是力量。,世上的事，只要肯用心去学，没有一件是太晚的。要始终保持敬畏之心，对阳光，对美，对痛楚。
214,没有一种不透过蔑视忍受和奋斗就能够征服的命运。,世间成事，不求其绝对圆满，留一份不足，可得无限完美。
215,积金遗于子孙，子孙未必能守；积书于子孙，子孙未必能读。不如积阴德于冥冥之中，此乃万世传家之宝训也。,是我的，终归是我的；不是我的，再去争取也会灰飞烟灭，何必呢？还是默默在角落做好一个旁观者，顺其自然，随遇而安，好好过自己的生活。
216,当有人说我们办不到的时候，我们要以这个永恒的信条来回应他们：是的，我们能做到。,别把自己看的那么遭，其实你很好。
217,人的活动如果没有理想的鼓舞，就会变得空虚而渺小。,不要给自己的失败找借口！
218,就算全世界都否定我，还有我自己相信我。,再高的人有时也需踮足，再矮的人有时也需屈身。
219,人生伟业的建立，不在能知，乃在能行。,你可以坚持自己的理想，但不需固执自己的想法。
220,有计划就去做，不要总找借口,没有失败，只有暂时停止成功！
221,生命要得到丰盛的收获，必需阳光；同时，也需要“雨”的浇灌。,用行动祈祷比用言语更能够使上帝了解。
222,有计划就去做，不要总找借口,没有人值得你流泪，值得让你这么做的人不会让你哭泣。
223,真正的痛苦，没有人能与你分担。你只能把它从一个肩头，换到你的另一个肩头。,不要去拒绝忙碌，因为它是一种充实；不要去抱怨挫折，因为它是一种坚强；不要去拒绝微笑，因为它是你最大的魅力。
224,学习必须与实干相结合。,即使行动导致错误，却也带来了学习与成长;不行动则是停滞与萎缩。
225,真正能走过风雨的，唯热爱与坚守。,每个人身上都有惰性和消极情绪，成功的人都是懂得管理自己的情绪和克服自己的惰性，并像太阳一样照亮身边的人，激励身边的人。
226,你别羡慕她的漂亮，总会有人爱上你的善良。,失去金钱的人损失甚少，失去健康的人损失极多，失去勇气的人损失一切。
227,活在别人的掌声中，是禁不起考验的人。,多年后的你，一定会感谢现在拼命的自己。
228,没有伞的孩子必须努力奔跑！,世上只有一种英雄主义，就是在认清生活真相之后依然热爱生活。
229,有人在光明中注视着阴影，有人在阴影中眺望着光明。,不要试图控制别人，不要要求别人理解你。
230,好的，坏的……一切都是你的，有必要自卑吗？,对于攀登者来说，失掉往昔的足迹并不可惜，迷失了继续前时的方向却很危险。
231,必须从过去的错误学习教训而非依赖过去的成功。,人生只有经历酸甜苦辣，才懂得人间的味道，因此也必须学会珍惜人生和珍惜感情。
232,成功的速度必须要超过父母老去的速度。,谁不是一边受伤，一边学会坚强。
233,自然界没有风风雨雨，大地就不会春华秋实。,最珍贵的不是你现在有多好，而是经过努力，每一天的自己都比之前更好。
234,一剪薄弱的光，也要骄傲的捧出辉煌。,读书要有感受，要有审美感，对他人的金玉良言，要能融会贯通，并使之付诸实现。
235,如果我们想要更多的玫瑰花，就必须种植更多的玫瑰树。,任何的限制，都是从自己的内心开始的。
236,所谓情话，就是你说了一些连自己都不相信的话，却希望对方相信。,人生就像掌纹，尽管错综复杂，却始终掌握在自己手中。
237,活在当下，别在怀念过去或者憧憬未来中浪费掉你现在的生活。,失败的定义：什么都要做，什么都在做，却从未做完过，也未做好过。
238,我为你今天的表现感到骄傲。,当你感觉累的时候，想一下父母在干什么？无论何时都要牢记，坚持是世界上最伟大的事。
239,崇高的理想就象生长在高山上的鲜花。如果要搞下它，勤奋才能是攀登的绳索。,微笑拥抱每一天，做像向日葵般温暖的女子。
240,孤独是每个强者必须经历的坎。,不要盲目跟随人家的思维，人家会说你就会跟别人学。
241,就算跑最后一名又怎样，至少我又运动精神。而且我一定会跑完全程，只要跑到终点我就成功了！,选一个方向，定一个时间；剩下的只管努力与坚持，时间会给我们最后的答案。
242,如果你生气了，请在面对爱人之前先面对镜子。看看自己，你喜欢现在这张脸吗？,要成功，就要长期等待而不焦躁，态度从容却保持敏锐，不怕挫折且充满希望。
243,我不怕磨难多，因为那是上天在嫉妒我们的爱太美。,不要太在乎自己的长相，因为能力不会写在脸上。
244,对一个年轻人而言最重要的是个人价值的增加。,如果你的面前有阴影，那是因为你的背后有阳光。
245,普通人成功并非靠天赋，而是靠把寻常的天资发挥到不寻常的高度。,学习，学习，再学习！学，然后知不足。
246,目标的坚定是性格中最必要的力量源泉之一，也是成功的利器之一。没有它，天才也会在矛盾无定的迷径中徒劳无功。,热爱生活，生活也会厚爱你。
247,每一发奋努力的背后，必有加倍的赏赐。,开始一种恐慌，停留与不可复制的回忆。
248,不必太纠结于当下，也不必太忧虑未来，当你经历过一些事情的时候，眼前的风景已经和从前不一样了。,人生不如意者十之八九，当你面对突如其来的变故时，有一个叫做坚强的家伙已经在你的脑海里根植，它时刻提醒你面对困难，请用你的智慧和毅力去克服；面对不幸，请用你的真诚和微笑去感动；面对磨难，请用的耐心去品味；面对残缺和不完美的人生，请用坦然去接受。
249,每个人的心里，都藏着一个了不起的自己，只要你不颓废，不消极，一直悄悄酝酿着乐观，培养着豁达，坚持着善良，只要在路上，就没有到达不了的远方！,老要靠别人的鼓励才去奋斗的人不算强者;有别人的鼓励还不去奋斗的人简直就是懦夫。
250,虽然我们无法改变人生，但能够改变人生观。虽然我们无法改变环境，但我们能够改变心境。,谁把安逸当成幸福的花朵，那么等到结果时节，他只能望着空枝叹息。
251,胜利，是属于最坚韧的人。,目标不是都能达到的，但它可以作为瞄准点。
252,不拼不搏人生白活，不苦不累人生无味。,每个人的心里，都藏着一个了不起的自己，只要你不颓废，不消极，一直悄悄酝酿着乐观，培养着豁达，坚持着善良，只要在路上，就没有到达不了的远方！
253,没有伞的孩子，必须努力奔跑！,逆境总是有的，人生总要进击。愿你不要屈从于命运的安排，坚韧不拔，锲而不舍！做永远的生活强者！
254,我不去想是否能够成功，既然选择了远方，便只顾风雨兼程！,有时候，我们活得累，并非生活过于刻薄，而是我们太容易被外界的氛围所感染，被他人的情绪所左右。
255,不管现在有多么艰辛，我们也要做个生活的舞者。,如果惧怕前面跌宕的山岩，生命就永远只能是死水一潭。
256,细节决定命运，态度决定高度。,运气就是机会碰巧撞到了你的努力。
257,你既然认准一条道路，何必去打听要走多久。,哪怕是最没有希望的事情，只要有一个勇敢者去坚持做，到最后就会拥有希望。
258,学习从来无捷径，循序渐进登高峰。,在各自岗位上尽职尽责，无需豪言壮语，默默行动会诠释一切。
259,高峰只对攀登它而不是仰望它的人来说才有真正意义。,生命力的意义在于拚搏，因为世界本身就是一个竞技场。
260,一份耕耘，份收获，努力越大，收获越多。,"情绪很容易彼此感染，每天早晨，给全家人笑脸，出门时候对第一个看见的人微笑并说声""您好""从此，一天心情都会非常好。"
261,一件事如果想做，就早点下定决心。拖一天就纠结一天，早一天就多赚一天。,用微笑告诉别人，今日的我，比昨日更强。
262,你若不想做，会找一个或无数个借口；你若想做，会想一个或无数个办法。,人的成就和差异决定于其业余时间。
263,我讨厌什么都不做，却有所期待的自己！,相信你行，你就活力无穷。
264,时间只是过客，自己才是主人，人生的路无需苛求，只要你迈步，路就在你的脚下延伸，只要你扬帆，便会有八面来风，启程了，人的生命才真正开始。,能坚持别人不能坚持的，才能拥有别人不能拥有的。
265,君子之交淡如水，要有好脾气和仁义广结好缘，多结识良友，那是积蓄无形资产。很多成功就是来源于无形资产。,谁把安逸当成幸福的花朵，那么等到结果时节，他只能望着空枝叹息。
266,只要你确信自己正确就去做。做了有人说不好，不做还是有人说不好，不要逃避批判。,苦心人天不负，卧薪尝胆，三千越甲可吞吴。有志者事竞成，破釜沉舟，百二秦川终属楚。
267,世间上最美好的爱恋，是为一个人付出时的勇敢，即使因此被伤得体无完肤，也无悔无怨。,进则安居以行其志，退则安居以修其所未能，则进亦有为，退亦有为也。
268,雄心壮志是茫茫黑夜中的北斗星。,过去的习惯，决定今日的你，所以，过去的懒惰，决定你今日的一败涂地。
269,生命不在长而在于好，只要每一次尽力的演示，都值得鼓励与喝采。,人生的每一笔经历，都在书写你的简历。原本你以为微不足道的事情，回头看的时候，都有着无法细数的刻度。自己拼出来的东西，和别人送到嘴边的东西，意义和珍惜的程度都大为不同。
270,人犯错误，大半是该用真情时太过动脑筋，而在该用脑筋时又太感情用事。,可怕的是，比你优秀的人比你还要努力。
271,困，你是人类艺术的源泉，你将伟大的灵感赐予诗人。,在生命里寻觅快乐的方法，就是了解你被赋予生命是为了奉献。
272,生命的道路上永远没有捷径可言，只有脚踏实地走下去。,生命不在长而在于好，只要每一次尽力的演示，都值得鼓励与喝采。
273,假如你从来未曾害怕受窘受伤害，好就是你从来没有冒过险。,自己的路自己走，无论是苦是累，甚至是失败，都要去承担，只要是自己的选择，就无怨无悔。
274,快乐可以与人共赏，苦难只能自己坚强；当你一直往前走时，别忘了回头看看，自己曾经的模样。,当机会来临时，你已经准备好了。
275,当你跌到谷底时，那正表示，你只能往上，不能往下！,成功的秘诀在于永不改变既定的目标。若不给自己设限，则人生中就没有限制你发挥的藩篱。幸福不会遗漏任何人，迟早有一天它会找到你。
276,如果你希望成功，以恒心为良友，以经验为参谋，以小心为兄弟，以希望为哨兵。,只要还有明天，今日就永远是起跑线。
277,旁观者的姓名永远爬不到比赛的计分板上。,别把自己看的那么遭，其实你很好。
278,不要为小事遮住视线，我们还有更大的世界。,"情绪很容易彼此感染，每天早晨，给全家人笑脸，出门时候对第一个看见的人微笑并说声""您好""从此，一天心情都会非常好。"
279,只要还有明天，今日就永远是起跑线。,永远不要放弃你真正想要的东西。等待虽难，但后悔更甚。
280,古之立大事者，不惟有超世之材，亦必有坚忍不拨之志,光明在前，阴影在后。
281,最常见的勇气就是在日常生活中做到诚实和正直，能够抵制诱惑，敢于讲真话，表现自我真实的一面，而不好虚伪造作。,无人理睬时，坚定执着。万人羡慕时，心如止水。
282,一个人至少拥有一个梦想有一个理由去坚强。,时间，抓住了就是黄金，虚度了就是流水。理想，努力了才叫梦想，放弃了那只是妄想。努力，虽然未必会收获，但放弃，就一定一无所获。
283,天空黑暗到一定程度，星辰就会熠熠生辉。,没有一种不通过蔑视、忍受和奋斗就可以征服的命运。
284,胜利，是属于最坚韧的人。,没有不进步的人生，只有不进取的人！
285,炫耀是需要观众的，而炫耀恰恰让我们失去观众。,从来不跌倒不算光彩，每次跌倒后能再站起来，才是最大的荣耀。
286,失败并不意味你浪费了时间和生命，失败证明你有理由重新开始。,懂得感恩，是收获幸福的源泉。懂得感恩，你会发现原来自己周围的一切都是那样的完美。
287,用脑思考，用心琢磨，用行动证实。,太多的选择，等于没有选择。选择的可能性越多，越容易对自己的选择持怀疑态度。当你面前只有一条道路时，你会坚定不移地走下去；当你面前有多条道路时，你就会无所适从，甚至做出错误的选择。机会越多，越容易迷惑自己，越容易让真正的机会在你犹豫不决的时候悄悄溜走。
288,如果你希望成功，以恒心为良友，以经验为参谋，以小心为兄弟，以希望为哨兵。,不要去拒绝忙碌，因为它是一种充实；不要去抱怨挫折，因为它是一种坚强；不要去拒绝微笑，因为它是你最大的魅力。
289,只有一条路不能选择--那就是放弃的路；只有一条路不能拒绝--那就是成长的路。,毅力和耐性在某种程度上将决定一个人会成为什么样的人。
290,不如就利用孤单的时间使自己变得更优秀，给来的人一个惊喜，也给自己一个好的交代。,人总是要学着自己长大，用旅途的孤单收获成长。
291,微笑拥抱每一天，做像向日葵般温暖的女子。,没有天生的信心，只有不断培养的信心。
292,胜利女神不一定眷顾所有的人，但曾经尝试过，努力过的人，他们的人生总会留下痕迹!,孤独不是给别人机会来可怜你，而是给你机会发现更强大的自己。
293,读书要有感受，要有审美感，对他人的金玉良言，要能融会贯通，并使之付诸实现。,驾驭命运的舵是奋斗。不抱有一丝幻想，不放弃一点机会，不停止一日努力。
294,没有人能预知未来的命运，但我们可以用愉悦的表情面对命运。,不好等待机会，而要创造机会。
295,多年后的你，一定会感谢现在拼命的自己。,积极的人在每一次忧患中都看到一个机会，而消极的人则在每个机会都看到某种忧患。
296,不要让追求之舟停泊在幻想的港湾，而应扬起奋斗的风帆，驶向现实生活的大海。,在人生舞台上，从不给落伍者颁发奖牌。
297,只有收获，才能检验耕耘的好处；只有贡献，方可衡量人生的价值。,将一付好牌打好没有什么了不起能将一付坏牌打好的人才值得钦佩。
298,没用的东西，再便宜也不要买；不爱的人，再寂赛也不要依赖。,成功就是简单的事情不断地重复做。
299,不怕物质匮乏，就怕心灵匮乏，不怕物质富有，就怕精神没有。舍得付出不计吃亏，就是富有的人生;贪图安逸只知享受，必是贫穷的人生。,如果错过了太阳时你流泪了，那么你也要错过群星了。
300,学习中经常取得成功可能会导致更大的学习兴趣，并改善学生作为学习的自我概念。,一生之中一定会遇到某个人，他打破你的原则，改变你的习惯，成为你的例外。其实全世界最幸福的童话，不过是一起度过柴米油盐的岁月。
301,静坐常思己过，闲谈莫论人非，肯吃亏不是痴人，能受苦乃为志士，敬君子方显有德，怕小人不算无能，退一步天高地阔，知足者人心常乐！,没有口水与汗水，就没有成功的泪水。
302,属于自己的，不要放弃。已经失去的，留作回忆。,学习从来无捷径，循序渐进登高峰。
303,胜利，是属于最坚韧的人。,懂得感恩，是收获幸福的源泉。懂得感恩，你会发现原来自己周围的一切都是那样的美好。
304,"当你不去旅行，不去冒险，不去谈一场恋爱，不过没试过的生活，每天只是挂着QQ,刷着微博，逛着淘宝，干着岁都能做的事情，那么你要青春有什么用。",智者顺时而谋，愚者逆时而动。
305,女人，要么有美貌，要么有智慧，如果两者你都不占绝对优势，那你就选择善良。,如果你想攀登高峰，切莫把彩虹当作梯子。
306,收起羡慕别人的目光自己去努力。,不要质疑你的付出，这些都会一种累积一种沉淀，它们会默默铺路，只为让你成为更优秀的人。
307,人生的每一笔经历，都在书写你的简历。原本你以为微不足道的事情，回头看的时候，都有着无法细数的刻度。自己拼出来的东西，和别人送到嘴边的东西，意义和珍惜的程度都大为不同。,告诉自己不要那么念旧，不要那么执着不放手。
308,梦想也许今天无法实现，明天也不行，但是只要今天的自己比昨天的自己足够努力，就会距离梦想近一步。,自然界没有风风雨雨，大地就不会春华秋实。
309,对大多数人来说，能把家人照顾好，就是生最大的成就了。,无志者常立志，有志者立常志，咬定一个目标的人最容易成功。
310,古之立大事者，不惟有超世之材，亦必有坚忍不拨之志。,随缘不是得过且过，或是因循苟且，而是要尽人事听天命。
311,别想一下造出大海，必须先由小河川开始。,在人生的道路上，想哭就哭，想笑就笑吧，只是别忘记赶路。
312,选山攀崖！量力而为！,奋斗的路上，时间总是过得很快，目前的困难和麻烦是很多，但是只要不忘初心，脚踏实地一步一步的朝着目标前进，最后的结局交给时间来定夺。
313,努力和效果之间，永远有这样一段距离。成功和失败的唯一区别是，你能不能坚持挺过这段无法估计的距离。,每个人都是自己的上帝，相信自己一定可以在某一方面出色。
314,命运掌握在自己手里，命运的好坏由自己去创造。,看一个人的心术，看他的眼神;看一个人的身价，看他的对手;看一个人的底牌，看他的朋友。
315,你可以坚持自己的理想，但不需固执自己的想法。,做人不稳，人生没有深度；做事不狠，人生没有力度！
316,你要让你的实力配得上自己的野心。,低头是一种能力，它不是自卑，也不是怯弱，它是清醒中的嬗变。有时，稍微低一下头，或者我们的人生路会更精彩。
317,溪流的秀美是因为它脚下的路坎坷不平。,行动是成功的阶梯，行动越多，登得越高。
318,找到你喜欢做的事，并努力成为这个领域里的顶尖人物。,如果你生气了，请在面对爱人之前先面对镜子。看看自己，你喜欢现在这张脸吗？
319,我不屑与任何一个人去争。爱我的，不用争。不爱的，争来也没用。,上天完全是为了坚强你的意志，才在道路上设下重重的障碍。
320,莫妒他长，妒长，则己终是短。莫护己短，护短，则己终不长。,失败只有一种，那就是半途而废。
321,志之所趋，无远勿届，穷山复海不能限也；志之所向，无坚不摧。,现在的我们，似乎懂事了，因而学会了拼搏。
322,也许终点只有绝望和失败，但这绝不是停止前行的理由。,人生至恶是善谈人过；人生至愚恶闻己过。
323,“麻烦”能让你学会很多东西，也是锻炼你自己的机会，因此不要害怕“麻烦”。,你是老师的百分之一，是父母的百分之五十，但却是你自己的百分之百，所以要非常非常努力，去追求自己想要的一切。
324,自暴自弃便是命运的奴隶，自强不息是生命的天使；我不想用别人的汗水浇灌自己的心灵，我愿意用别人的棉袄，来温暖自己的躯体。我只想堂堂正正的做人，我只愿光明磊落做事，该记得的我不会遗忘，该遗忘的我不会存放。,向前跑，只为了心中的美好。
325,应当随时学习，学习一切；应该集中全力，以求知道得更多，知道一切。,不要等待机会，而要创造机会。
326,在逆境中，智者知难而进，愚者消沉不前。,学习本无底，前进莫彷徨。
327,志向太远，不可怕；没有到达，不可怕可怕的是没有志向，失去了奋斗的方向。,如果你相信自己，你可以做任何事。
328,生命的美，不在它的绚烂，而在它的平和；生命的动人，不在它的激情，而在它的平静。惟平和，才见生命的广大；惟平静，才见生命的深远。,古之立大事者，不惟有超世之材，亦必有坚忍不拨之志。
329,没有灯的小路一样能够行走，只要心还在。,若不给自己设限，则人生中就没有限制你发挥的藩篱。
330,运气是努力的附属品。没有经过实力的原始积累，给你运气你也抓不住。上天给予每个人的都一样，但每个人的准备却不一样。不要羡慕那些总能撞大运的人，你必须很努力，才能遇上好运气。,今天所有的懒惰都会换来明天的卑微。
331,生活从来不会刻意亏欠谁，它给了你一块阴影，必会在不远的地方撒下阳光。,每个人身上都有惰性和消极情绪，成功的人都是懂得管理自己的情绪和克服自己的惰性，并像太阳一样照亮身边的人，激励身边的人。
332,经营自己的长处，能使你人生增值；经营你的短处，能使你人生贬值。,学习这件事不在于有没有人教你，最重要的是在于你自己有没有觉悟和恒心。
333,生气，就是拿别人的过错来惩罚自己。原谅别人，就是善待自己。,东西，让你羡慕，却不能拥有；有些错过，让你留恋，却终生遗憾。
334,不怕物质匮乏，就怕心灵匮乏，不怕物质富有，就怕精神没有。舍得付出不计吃亏，就是富有的人生;贪图安逸只知享受，必是贫穷的人生。,再高的人有时也需踮足，再矮的人有时也需屈身。
335,天行健，君子以自強不息，地勢坤，君子以厚德载物。,同样的一生，有些人顺从自己，活出了想要的模样；有些人却忙着取悦观众，而丢了自己。
336,别人不会在意你的一切，只有自己成就自己，才能在别人面前抬得起头。,有你们的陪伴，我将风雨不惧。即使流泪，也会勇敢微笑。
337,无论有多困难，都坚强地抬头挺胸，告诉所有人，你并非他们想象的那样不堪一击。,不要把负能量看做是消极，仇恨。其实它的作用是激励，它其实是现实。
338,机不可失，时不再来。,只有轮回继续转，日升月沉草木枯荣。是谁说过：时间仍在，是我们在飞逝。
339,不求与人相比，但求超越自己，要哭就哭出激动的泪水，要笑就笑出成长的性格。,溪流的秀美是因为它脚下的路坎坷不平。
340,比一比这两条鱼谁长的帅，长得帅就是明天的菜。,人生应该树立目标，否则你的精力会白白浪费。
341,命运不是一个机遇的问题，而是一个选择问题；它不是我们要等待的东西，而是我们要实现的东西。,糊口就像海洋，只有意志坚强的人，才能到达彼岸。
342,旁观者的姓名永远爬不到比赛的计分板上。,骏马是跑出来的，强兵是打出来的。
343,学习这件事，不是缺乏时间，而是缺乏努力。,什么时候离光明最近？那就是你觉得黑暗太黑的时候。
344,低头是一种潜质，它不是自卑，也不是怯弱，它是清醒中的嬗变。有时，稍微低一下头，或者我们的人生路会更精彩。,不妄求，则心安，不妄做，则身安。
345,要先打败任何事情得先学会打败自己。,选一个方向，定一个时间；剩下的只管努力与坚持，时间会给我们最后的答案。
346,失败只有一种，那就是半途而废。,人，当你意识到自己活着的时候，就必须想到死亡，然后再努力去探寻如何才能生活得更好。
347,诸恶莫做，众善奉行，莫以善小而不为，莫以恶小而为之。,努力了不一定能够成功，但是放弃了肯定是失败。
348,不要质疑你的付出，这些都会一种累积一种沉淀，它们会默默铺路，只为让你成为更优秀的人。,照亮心灵，才能发现生活之美。
349,"我们的幸福取决于我们的愉快情绪,而愉快情绪又取决于身体的健康状况。我们的幸福十占其九依赖于我们的健康。只要我们保持健康,一切也就成了快乐源泉；但缺少了健康，一切外在的好处。",如果圆规的两只脚都动，永远也画不出一个圆。
350,目标不是都能达到的，但它可以作为瞄准点。,"我们的幸福取决于我们的愉快情绪,而愉快情绪又取决于身体的健康状况。我们的幸福十占其九依赖于我们的健康。只要我们保持健康,一切也就成了快乐源泉；但缺少了健康，一切外在的好处。"
351,人活着就是为了解决困难。这才是生命的意义，也是生命的内容。逃避不是办法，知难而上往往是解决问题的最好手段。,人生就像一块烧红的铁条，需要千锤百炼才能走好。
352,失败的定义：什么都要做，什么都在做，却从未做完过，也未做好过。,没有一劳永逸的开始；也没有无法拯救的结束。人生中，你需要把握的是：该开始的，要义无反顾地开始；该结束的，就干净利落地结束。
353,每天都冒出很多念头，那些不死的才叫做梦想。,不要太在乎自己的长相，因为能力不会写在脸上。
354,你经得起多少诋毁，就担得起多少赞美，活出自我，才值得拥有更好的邂逅。,功到自然成，成功之前难免有失败，然而只要能克服困难，坚持不懈地努力，那么，成功就在眼前。
355,万里寻山历百艰而无悔，一朝见井纵九死以何辞。,父母是教科书，朋友是参考书，爱人是工具书，邻居是报纸杂志，美女是画报。
356,我们的不满足大部分并非源自于疾病或物质上的困境，而是未能充分活出自己。不知道自己是谁，不认识我们真正的存在本质，无法自在地做自己，所以才会有情绪上的苦恼。,“稳妥”之船从未能从岸边走远。
357,自我打败自我是最可悲的失败，自我战胜自我是最可贵的胜利。,放手如拔牙。牙被拔掉的那一刻，你会觉得解脱。但舌头总会不由自主地往那个空空的牙洞里舔，一天数次。不痛了不代表你能完全无视，留下的那个空缺永远都在，偶尔甚至会异常挂念。适应是需要时间的，但牙总是要拔，因为太痛，所以终归还是要放手，随它去。
358,我把苦难挫折当作自己生存的最好导师。,我学习了一生，现在我还在学习，而将来，只要我还有精力，我还要学习下去。
359,猛兽总是独行，牛羊才成群结队。,其实一向陪着你的，是那个了不起的自己。
360,心灵激情不在，就可能被打败。,每一天都冒出很多念头，那些不死的才叫做梦想。
361,你不喜欢我，我一点都不介意。因为我活下来，不是为了取悦你！,没有热忱，世间便无进步。
362,孤独不是给别人机会来可怜你，而是给你机会发现更强大的自己。,早晨给自己一个微笑，种下一天？阳光。
363,生活就像一面镜子，你若对她笑，她就对你笑。,命运不是一个机遇的问题，而是一个选择问题；它不是我们要等待的东西，而是我们要实现的东西。
364,不管学历如何，读书多了，内心充实，精神自然丰富。不管长相如何，锻炼久了，减脂塑形，精自然充沛，然后你会遇见全新的自己。,人的一切痛苦，本质上都是对自己无能的愤怒！
365,明明知道无论花开花落都只是一场寂寞的演出，却仍然愿意倾尽全力来演好这一生。,奋斗者在汗水汇集的江河里，将事业之舟驶到了理想的彼岸。
366,等待的时候，时间照样过，但却被我们的思念给拉长了。,面对困难挫折挑战只要你肯相信自己，不断努力的付出，哪怕你现在的人生是从零开始，你都可以做得到。
367,自己打败自己是最可悲的失败，自己战胜自己是最可贵的胜利。,打击与挫败是成功的踏脚石，而不是绊脚石。
368,金钱损失了还能挽回，一旦失去信誉就很难挽回。,旁观者的姓名永远爬不到比赛的计分板上。
369,最后的措手不及是因为当初游刃有余的自己,不要因为打折就买不需要的东西，不要因为空虚就爱不合适的人。
370,找一个理由，否认忧伤，笑容就会灿烂到无所不在。,有一种朋友不在生活里，却在生命里。有一种陪伴不在身边，却在你心间。那些说不出的话，如果有人懂，就是幸福。
371,困难，激发前进的力量；挫折，磨练奋斗的勇气；失败，指明成功的方向。,其实多数人尊重的还是成功，而非有梦想。设想遇见一位失败了的李安，你会怎样看待他。
372,绝望的时侯抬头看着希望的光芒其实一直存在。,天塌下来，有个高的人帮你扛着，可是你能保证，天塌下来的时候，个儿高的人没在弯腰吗？之后，还不是得靠自己！
373,可怕的是，比你优秀的人比你还要努力。,即使是不成熟的尝试，也胜于胎死腹中的策略。
374,老天爷对每个人都是公平的。,世事忙忙如水流，休将名利挂心头。粗茶淡饭随缘过，富贵荣华莫强求。
375,没有口水与汗水，就没有成功的泪水。,把黑暗的那一面，擦得光亮一点，可以让缺点变得更圆满些。
376,骏马是跑出来的，强兵是打出来的。,不论你在什么时候开始，重要的是开始之后就不要停止；不论你在什么时候结束，重要的是结束之后就不要悔恨。
377,当有人说你是傻瓜时，证明你离成功不远了。,只有脚踏实地的人，才能够说：路，就在我的脚下。
378,桂冠上的飘带，不是用天才纤维捻制而成的，而是用痛苦，磨难的丝缕纺织出来的。,我会把每一次改变当做成长，哪怕是痛也值得。
379,别再去抱怨身边人善变，多懂一些道理，明白一些事理，毕竟每个人都是越活越现实。,只有懂得谦虚的意义，才会得到别人的教诲，才会处处受人喜爱。
380,好走的都是下坡路：人生之路并非一马平川，并非无须费劲就能轻松前行。许多时候，正是由于我们放弃了努力，便白白地错失了成功的良机。,热爱生活，生活也会厚爱你。
381,我们什么都没有，唯一的本钱就是青春。梦想让我与众不同，奋斗让我改变命运！,有时稍微低下头，或许我们人生路会更加精彩，我们的能力也会有所长进。
382,透过云端的道路，只亲吻攀登者的足迹。,坚定的信念，锁定目标；执着的态度，改变命运；冷静的思考，突破困惑；乐观的心态，决定成败；努力的程度，决定结果；自我的奋斗，缔造精彩！
383,别再去抱怨身边人善变，多懂一些道理，明白一些事理，毕竟每个人都是越活越现实。,低落只是情感的寄托罢了，单纯的情绪而已。
384,积极向上的人总是把苦难化为积极向上的动力。,善待你的爱好，别让它们为学习让路，要让它们替学习服务。
385,只要一息尚存，我就要坚持到底，因为我已明白成功的一大法则：坚持到底，就是胜利。,学习要有三心，一信心，二决心，三恒心。
386,任何业绩的质变都来自于量变的积累。,你是老师的百分之一，是父母的百分之五十，但却是你自己的百分之百，所以要非常非常努力，去追求自己想要的一切。
387,若无其事，原来是最好的报复。生活得更好，是为了自己。,生命本身是一个过程，成功与失败只是人生过程中一些小小的片段，若果把生命与成功或失败联系在一起，生命将失去本身该有的意义。
388,用行动开启完美，用智慧点亮人生，用信心激励自我，用勇气点燃激情，用执着守候成功，用发奋打造精彩，用奋斗创造辉煌，用拼搏开拓未来！,因害怕失败而不敢放手一搏，永远不会成功。
389,你特么的看看你现在的样子?还是我爱的那个你么?,安全感不是别人给的，它取决于你有多爱自己，吃饱穿暖，手机有电，钱包永远不扁。
390,活着就要学习，学习不是为了活着。,人各有志，自己的路自己走。
391,每个人身上都有惰性和消极情绪，成功的人都是懂得管理自己的情绪和克服自己的惰性，并像太阳一样照亮身边的人，激励身边的人。,就算全世界都否定我，还有我自己相信我。
392,能坚持别人不能坚持的，才能拥有别人不能拥有的。,美丽的花虽然会凋谢，可是盛开的时刻值得欣赏。要在美好的时候创造出美好的东西，人生才会充满意义。
393,面对困难挫折挑战只要你肯相信自己，不断努力的付出，哪怕你现在的人生是从零开始，你都可以做得到。,再苦再累也要坚强，只为那些期待眼神。
394,困难像弹簧，你强它就弱，你弱它就强。,人活着要呼吸。呼者，出一口气；吸者，争一口气。
395,拥有一颗无私的爱心，便拥有了一切。,每个人都有阴暗面、虚伪面，有什么好奇怪的，对不同的人不同态度，喜欢就交流，不喜就陌路。
396,凡真心尝试助人者，没有不帮到自己的。,不论你在什麽时候结束，重要的是结束之後就不要悔恨。
397,最终你相信什么就能成为什么。因为世界上最可怕的二个词，一个叫执着，一个叫认真，认真的人改变自己，执着的人改变命运。只要在路上，就没有到不了的地方。,没有灯的小路一样能够行走，只要心还在。
398,人不一定要生得漂亮，但却一定要活得漂亮。,安乐给人予舒适，却又给人予早逝；劳作给人予磨砺，却能给人予长久。
399,公平是好事，因为会让人更努力。,智者创造机会，强者把握机会，弱者坐等机会。
400,梦想从这刻起，并不只是个幻想，靠自己它能成为现实中的一部分。,“我欲”是贫穷的标志。事能常足，心常惬，人到无求品自高。
401,让珊瑚远离惊涛骇浪的侵蚀吗？那无异是将它们的美丽葬送。,天行健，君子以自强不息。
402,你要做多大的事情，就该承受多大的压力。,是梦别怕疼，想赢别喊停！
403,不要感叹时间总是流逝得太快，一辈子本来就不长。,碰到低潮，自己鼓励自己。千万别乞求，依靠别人来鼓励你。
404,在人生的道路上，即使一切都失去了，只要一息尚存，你就没有丝毫理由绝望。因为失去的一切，又可能在新的层次上复得。,如果放弃太早，你永远都不知道自己会错过什么。
405,我希望你过看让自己骄傲的生活。如果没有，我希望你有勇气可以重头来过。,我不屑与任何一个人去争。爱我的，不用争。不爱的，争来也没用。
406,天塌下来，有个高的人帮你扛着，但是你能保证，天塌下来的时候，个儿高的人没在弯腰吗？之后，还不是得靠自己！,把脸一直向着阳光，这样就不会见到阴影。
407,微笑是我们心灵的最真诚倾诉，是在困难面前最好的良药。,起点低怕什么，大不了加倍努力。人生就像一场马拉松比赛，拼的不是起点，而是坚持的耐力和成长的速度。只要努力不止，进步也会不止。
408,无论是对事还是对人，我们只需要做好自己的本分，不与过多人建立亲密的关系，也不要因为关系亲密便掏心掏肺，切莫交浅言深，应适可而止。,自信就如一副眼镜，帮助近视的人打开光明之路；自信就如一台电脑帮助无知的人们开阔视野；自信就如一台学习机，帮助学习差的同学提高成绩；
409,在学习上不肯钻研的人是不会提出问题的；在事业上缺乏突破力的人是不会有所创新的。,上帝从不抱怨人们的愚昧，人们却抱怨上帝的不公平。
410,心态决定看世界的眼光，行动决定生存的状态。要想活出尊严，展现不凡，只有改变观念，敢于和命运抗争！,诸恶莫做，众善奉行，莫以善小而不为，莫以恶小而为之。
411,人生就那么短，不要为了变成别人喜欢的样子，委屈了自己。该开心时开心，想发泄就发泄。过好自己的生活的第一件事，就是为自己而活。,这里没有自由的人，只有不会愤怒的猴子.不懂爱情的猪，还有分不清东南西北的和尚。
412,这个世界最脆弱的是生命，身体健康，很重要。,回忆过去，满满的相思忘不了。朋友一生一起走，那些日子不再有，一句话，一辈子，一生情，一杯酒。有过伤，还有痛，还有你，还有我。
413,功到自然成，成功之前难免有失败，然而只要能克服困难，坚持不懈地努力，那么，成功就在眼前。,你若想要得到，就别只是期望。人生短暂，经不起等待。
414,使我们不快乐的，都是一些芝麻小事，我们可以躲闪一头大象，却躲不开一只苍蝇。,用行动祈祷比用言语更能够使上帝了解。
415,不要给自己的失败找借口！,用心的人在每一次忧患中都看到一个机会，而消极的人则在每个机会都看到某种忧患。
416,古之立大事者，不惟有超世之材，亦必有坚忍不拨之志,没有人值得你流泪，值得让你这么做的人不会让你哭泣。
417,低头是一种能力，它不是自卑，也不是怯弱，它是清醒中的嬗变。,每件事情都必须有一个期限，否则，大多数人都会有多少时间就花掉多少时间。
418,用你的笑容去改变这个世界，别让这个世界改变了你的笑容。,自己想要的东西，要么奋力直追，要么干脆放弃。别总是逢人就喋喋不休的表决心或者哀怨不断，做别人茶余饭后的笑点。
419,我们可以不必理会别人奢侈的掌声，但应在乎自己在胜利征途上迈出坚实的每一个脚印。,君子之交淡如水，要有好脾气和仁义广结好缘，多结识良友，那是积蓄无形资产。很多成功就是来源于无形资产。
420,赢了自己才能成功。,苦到极处回甘，冰到极处回温。
421,征服自己，就能征服一切。,站得更高才能看得更远。
422,学会坚强，做一只沙漠中永不哭泣的骆驼!,你不喜欢我，我一点都不介意。因为我活下来，不是为了取悦你！
423,这单薄青春的碎碎流年，拼凑着梦想的汗水，我们要坚信在这兜兜转转的路上，总有一个路口指向梦想。让自我的心不流离失所，永远充满青春的正能量！,时光偷走的，永远都是我们眼皮底下看不见的珍贵。
424,坚定的信念，锁定目标；执着的态度，改变命运；冷静的思考，突破困惑；乐观的心态，决定成败；努力的程度，决定结果；自我的奋斗，缔造精彩！,我不知道年少轻狂，我只知道胜者为王。
425,心若计较，处处都是怨言;心若放宽，时时都是春天。,"山涧的泉水经过一路曲折,才唱出一支美妙的歌。"
426,生气，就是拿别人的过错来惩罚自己。原谅别人，就是善待自己。,骏马是跑出来的，强兵是打出来的。
427,人生的成败得失，不在于挫折坎坷荣辱，而在于正确的定位；人生的许多辉煌，不在于一时的喜乐，而在于人生的正能量。,过去不等于未来。
428,预测未来的最好方法，就是创造未来。,挫折其实就是迈向成功所应缴的学费。
429,目标不是都能到达的，但它能够作为瞄准点。,不要放弃自己，勇敢地理解生命的挑战。有一天我们能够老死病死穷死，但绝不要允许自己失望而死，消极而死!
430,人犯错误，大半是该用真情时太过动脑筋，而在该用脑筋时又太感情用事。,不见面也有不见面的好，你永远是，我记忆中的样子。
431,不要忘本，任何时候，任何事情。,那些在困难面前能够坚持到底.努力奋进的人最终能够战胜一切困难，取得最后的成功。
432,要想成为强乾，决不能绕过挡道的荆棘也不能回避风雨的冲刷。,真正的勇气不是压倒一切，而是不被一切压倒。
433,学习是一次独立的行动，需要探索.琢磨.积极应战.顽强应战，艰辛由你独自承担，胜利由你独立争取。,如果努力就可以做到的事情，为什么不去做。
434,时间是有限的，所以不要把时间浪费在走别人的路上。,没有天生的信心，只有不断培养的信心。
435,即使道路坎坷不平，车轮也要前进；即使江河波涛汹涌，船只也航行。,人生舞台的大幕随时都可能拉开，关键是你愿意表演，还是选择躲避。
436,每一发奋努力的背后，必有加倍的赏赐。,胜利贵在坚持，要取得胜利就要坚持不懈地努力，饱尝了许多次的失败之后才能成功。
437,没有一种不通过蔑视忍受和奋斗就可以征服的命运。,很多事情努力了未必有结果，但是不努力却什么改变也没有。
438,你今天必须做别人不愿做的事，好让你明天可以拥有别人不能拥有的东西。,立志，就是在为你的人生打基础。有什么样的理想，从事什么样的事业，你就会成为一个什么样的人。
439,智者一切求自己，愚者一切求他人。,坚强是内心的强大，能够肩负起相应的职责。
440,势不可使尽，福不可享尽，便宜不可占尽，聪明不可用尽。,就让我执迷不悟，在自己的世界勇敢地走下去。
441,乌云的背后是阳光，阳光的背后是彩虹。,最可怕的敌人，就是没有坚强的信念。
442,得之坦然，失之淡然，顺其自然，争其必然。,勤奋是你生命的密码，能译出你一部壮丽的史诗。
443,理想的路总是为有信心的人预备着。,成长就是将哭声调成静音的过程，把情绪收到别人看不到的地方，一个人学会坚强。
444,愿你沉稳又执着，对热爱的事情都全力以赴，又满载而归。,障碍与失败，是通往成功最稳靠的踏脚石，肯研究利用它们，便能从失败中培养出成功。
445,雄心壮志是茫茫黑夜中的北斗星。,天空黑暗到一定程度，星辰就会熠熠生辉。
446,不去追逐，永远不会拥有。不往前走，永远原地停留。,世界上只有想不通的人，没有走不通的路。将帅的坚强意志，就像城市主要街道汇集点上的方尖碑一样，在军事艺术中占有十分突出的地位。
447,人之所以能，是相信能。,对于攀登者来说，失掉往昔的足迹并不可惜，迷失了继续前时的方向却很危险。
448,学习，学习，再学习！学，然后知不足。,慢慢释怀，才能让自己变好。
449,微笑，是强者对人生最完美的诠释；微笑，是从从容容的人生态度。,能力配不上野心，是所有烦扰的根源。这个世界是公平的，你要想得到，就得学会付出和坚持。每个人都是通过自己的努力，去决定生活的样子。
450,乌云的背后是阳光，阳光的背后是彩虹。,人生最大的喜悦是每个人都说你做不到，你却完成它了!
451,青春就像一只容器，装满了不安躁动青涩与偶尔的疯狂。,有些事情，不谈是个结，谈开了是个疤。
452,胜利，是属于最坚韧的人。,别小看任何人，越不起眼的人，往往会做些让人想不到的事。
453,只有一条路不能选择--那就是放弃的路；只有一条路不能拒绝--那就是成长的路。,目标的实现建立在“我要成功”的强烈愿望上。
454,别人不会在意你的一切，只有自己成就自己，才能在别人面前抬得起头。,人生伟业的建立，不在能知，乃在能行。
455,收起羡慕别人的目光自己去努力。,你若想要得到，就别只是期望。人生短暂，经不起等待。
456,没有退路的时候，正是潜力发挥最大的时候。,不管学历如何，读书多了，内心充实，精神自然丰富。不管长相如何，锻炼久了，减脂塑形，精自然充沛，然后你会遇见全新的自己。
457,要让事情改变，先改变自己；要让事情变得更好，先让自己变得更强。,在我们能掌控和拼搏的时间里，去提升我们生命的质量。
458,"滴水穿石,不是力量大,而是功夫深。",我为你今天的表现感到骄傲。
459,梦想是注定孤独的旅行，路上少不了质疑和嘲笑，但那又怎样，哪怕遍体鳞伤也要活的漂亮。,用理想去成就人生，不要蹉跎了岁月。
460,命运从来不会同情弱者。,我要的未来，要靠我自己去拼。
461,永不言败是追究者的最佳品格。,时间是有限的，所以不要把时间浪费在走别人的路上。
462,你要让你的实力配得上自己的野心。,积极人生看到的世界是一片阳光，消极人生看到的世界是一片黑暗；积极人生感受到的生活是无比快乐，消极人生心里感觉到的仅是一丝丝悲凉。
463,大多数时候，消耗你能量的都不是工作，而是工作中遇到的人。干活本身是不累的，平衡情绪最累。,十数载寒窗蛰伏，只等这一天破茧而出；无数人殷情期待，只为这一刻羽化成蝶。
464,要培养各方面的潜力，包括承受悲惨命运的潜力。,意志力是人的一条救生索，它可以帮助我们脱离困境，引导我们走向胜利。
465,只要心里还存着不甘心，就还没到放弃的时候。,每个人都有自己鲜明的主张和个性，不要识途去改变他人，同样，也不要被他人所改变。改了，就不是自己了。
466,所谓内心的快乐，是一个人过着健全的正常的和谐的生活所感人生所有的欢乐是创造的欢乐：爱情天才行动——全靠创造这一团烈火进射出来的。,成功的人千方百计，失败的人千难万险。
467,有压力，但不会被压垮；迷茫，但永不绝望。,梦是一种欲望，想是一种行动。梦想是梦与想的结晶。
468,失去金钱的人损失甚少，失去健康的人损失极多，失去勇气的人损失一切。,有大快乐的人，必有大哀痛；有大成功的人，必有大孤独。
469,就让我执迷不悟，在自己的世界勇敢地走下去。,生活没有太多的十全十美，所有的酸甜苦辣都是最好的回忆。
470,不要给自己的失败找借口！,与其相信依靠别人，不如相信依靠自己。
471,我们没资格颓废，唯一能做的只有一往无前。,"我们的幸福取决于我们的愉快情绪,而愉快情绪又取决于身体的健康状况。我们的幸福十占其九依赖于我们的健康。只要我们保持健康,一切也就成了快乐源泉；但缺少了健康，一切外在的好处。"
472,倘能生存，我当然仍要学习。,当你感到悲哀痛苦时，最好是去学些什么东西。学习会使你永远立于不败之地。
473,当有人说我们办不到的时候，我们要以这个永恒的信条来回应他们：是的，我们能做到。,不要活在别人的嘴里，不要活在别人的眼里，而是把命运握在自己手里。
474,每天提醒自己，不要忘记梦想。,心作良田耕不尽，善为至宝用无穷。我们应有纯洁的心灵，去积善为大众。就会获福无边。
475,走得最慢的人，只要他不丧失目标，也比漫无目的地徘徊的人走得快。,生活充满了选择，而生活的态度就是一切。
476,天寒地冻不会太久，春风正在来的路上。,遍体鳞伤后才知道，成功不是不够努力，成功是决不放弃。
477,人的活动如果没有理想的鼓舞，就会变得空虚而渺小。,当你孤独时，风儿就是我的歌声，愿它能使你得到片刻的安慰；当你骄傲时，雨点就是我的警钟，愿它能使你获得永恒的谦逊。
478,如果我不坚强，那就等着别人来嘲笑。,应对困难挫折挑战只要你肯相信自己，不断努力的付出，哪怕你此刻的人生是从零开始，你都能够做得到。
479,等待的时候，时间照样过，但却被我们的思念给拉长了。,当你跌到谷底时，那正表示，你只能往上，不能往下！
480,想全力以赴一次，不必考虑结果会如何，努力了就好。,人生短短数十载，最要紧是证明自己，不是讨好他人。
481,自信是成功的前提，勤奋是成功的催化剂。,假如你从来未曾害怕受窘受伤害，好就是你从来没有冒过险。
482,种子牢记着雨滴献身的叮嘱，增强了冒尖的勇气。,心若计较，处处都是怨言;心若放宽，时时都是春天。
483,在世界的历史中，每一伟大而高贵的时刻都是某种热忱的胜利。,计较的越多，失去的越多，计较的越少，快乐越多。正能量励志语录：奋斗的正能量句子，每天一句，让你振奋一整年！
484,不管我到什么地方去，我是去找快乐的。我决不会到什么地方去找痛苦， 因为我生来就是个寻欢作乐的人。只有痛苦找到我头上，我才会痛苦。,自信的人，懂得“天生我才必有用”的道理，依靠着必胜的信心，在艰苦的搏击中，驶向成功的彼岸。
485,天下没有不可能的事，只要你有信心有勇气，腔子里有热血，灵魂里有真爱。,要把昨日当作回忆，今日继续努力，明天就随他去。
486,不管什么时候，学习都不晚。,可怕的是，比你优秀的人比你还要努力。
487,很多时候，为了求得真正的幸福，我们需要保持耐心。因为真正的幸福不会很快到来，也不会轻易到来，但它值得等待。,炫丽的彩虹，永远都在雨过天晴后。
488,生命对某些人来说是美丽的，这些人的一生都为某个目标而奋斗。,水只有碰到石头才能碰出浪花。
489,要想改变命运，首先改变自己。,让坚持成为一种信仰。
490,一个人承受孤独的能力有多大，他的能力就有多大。,人活着就要快乐。
491,不会生气的人是愚者，不生气的人乃真正的智者。,是梦别怕疼，想赢别喊停！
492,人，要有梦想，才能有前进的动力。,当你孤独时，风儿就是我的歌声，愿它能使你得到片刻的安慰；当你骄傲时，雨点就是我的警钟，愿它能使你获得永恒的谦逊。
493,千里之行，始于足下。细节决定成败美丑,再伟大的巨人也有他渺小的瞬间，再渺小的凡人也有他伟大的时刻。
494,永远对生活充满希望，对于困境与磨难，微笑面对。,梦想从这刻起，并不只是个幻想，靠自己它能成为现实中的一部分。
495,想要变坏，因为自己太善良；又怕变坏，怕最后会找不到自己。,上帝从不抱怨人们的愚昧，人们却抱怨上帝的不公平。
496,耐得住寂寞，守得住繁华！,学习，学习，再学习！学，然后知不足。
497,不去追逐，永远不会拥有。不往前走，永远原地停留。,知识给人重量，成就给人光彩，大多数人只是看到了光彩，而不去称量重量。
498,你要做多大的事情，就该承受多大的压力。,透过云端的道路，只亲吻攀登者的足迹。
499,站得更高才能看得更远。,唯有行动才能改造命运。
500,人类因有梦想而伟大，行动是梦想的开端。,沙漠里的脚印很快就消逝了。一支支奋进歌却在跋涉者的心中长久激荡。
501,我一定要赢了自己，赢了伤痛，能够重新返回赛场。这样才能让那些怀疑我的人重新思考，什么叫将不可能变成可能。,志在峰巅的攀登者，不会陶醉在沿途的某个脚印之中。
502,我把苦难挫折当作自己生存的最好导师。,无人理睬时，坚定执着。万人羡慕时，心如止水。
503,不要去拒绝忙碌，因为它是一种充实； 不要去抱怨挫折，因为它是一种坚强；不要去拒绝微笑，因为爱笑的女孩最美。你的优秀，不需要任何人来证明。,人不能创造时机，但是它可以抓住那些已经出现的时机。
504,什么时候离光明最近？那就是你觉得黑暗太黑的时候。,无论有多困难，都坚强地抬头挺胸，告诉所有人，你并非他们想象的那样不堪一击。
505,人们最害怕的是无常变化，要学习适应环境的变化和变化中另谋创新，并不是停留在变化的痛苦中。,留一片空白，随时浓墨重彩。
506,过自己喜欢的生活，成为自己喜欢的样子，其实很简单，就是把无数个“今天”过好，这就意味着不辜负不蹉跎时光，以饱满的热情迎接每一件事，让生命的每一天都有滋有味。,光明在前，阴影在后。
507,一个人的知识，通过学习可以得到;一个人的成长，就必须通过磨练。若是自己没有尽力，就没有资格批评别人不用心。开口抱怨很容易，但是闭嘴努力的人更加值得尊敬。,一定的忧愁.痛苦或烦恼，对每个人都是时时必需的。一艘船如果没有压舱物，便不会稳定，不能朝着目的地一直前进。
508,眼泪不是我们的答案，拼搏才是我们的选择。,你要记住你不是为别人而活，你是为自己而活。
509,找一个理由，否认忧伤，笑容就会灿烂到无所不在。,民族精神不仅仅仅仅是大义凛然，视死如归；也不仅仅仅仅是金戈铁马，马革裹尸滴中。
510,成功就是你被击落到失望的深渊之后反弹得有多高。,才华是血汗的结晶。才华是刀刃，辛苦是磨刀石。
511,只要路是对的，就不怕路远。,左右一个人成功的，不是能力，而是选择。
512,如果我们做与不做都会有人笑，如果做不好与做得好还会有人笑，那么我们索性就做得更好，来给人笑吧！,沉湎于希望的人和守株待兔的樵夫没有什么两样。
513,世上只有一种英雄主义，就是在认清生活真相之后依然热爱生活。,当有人说你是傻瓜时，证明你离成功不远了。
514,你心里最崇拜谁，不必变成那个人，而是用那个人的精神和方法，去变成你自己。,志在峰巅的攀登者，不会陶醉在沿途的某个脚印之中。
515,除非想成为一流，否则就是二流。,人活着就要快乐。
516,我们最大的悲哀，是迷茫地走在路上，看不到前面的希望；我们最坏的习惯，是苟安于当下生活，不知道明天的方向。,生活就像一面镜子，你若对她笑，她就对你笑。
517,一个人要挑战自己，靠的不是投机取巧，不是耍小聪明，靠的是信心。人有了信心，就会产生意志力量。人与人之间，弱者与强者之间，成功与失败之间最大的差异就在于意志力量的差异。人一旦有了意志的力量，就能战胜自身的各种弱点。,强大一些，要相信你自己；坚定一些，要相信自己的感觉。
518,人海中再回首，朋友真诚依旧，生命里重逢，心境平和温柔，往事如风，岁月如歌，漫漫人生路，苍桑几许，幸福几何！,当你不能够再拥有的时候，你唯一可以做的，就是令自己不要忘记。
519,理想徘徊十字路口，不知道往哪边走；信心一路上低着头，数着脚下的石头。,竹根即使被埋在地下无人得见，也决然不会停止探索而力争冒出新笋。
520,在路上，我们生命得到了肯定，一路上，我们有失败也有成功，有泪水也有感动，有曲折也有坦途，有机遇也有梦想。一路走来，我们熟悉了陌生的世界，我们熟悉了陌生的面孔，遇人无数，匆匆又匆匆，有些成了我们忘不掉的背影，有些成了我们一生的风景。我笑，便面如春花，定是能感动人的，任他是谁。,人之所以能，是相信能。
521,预测未来的最好方法，就是创造未来。,能够说出的委屈，便不是委屈;能够抢走的爱人，便不是爱人。
522,我希望你过看让自己骄傲的生活。如果没有，我希望你有勇气可以重头来过。,你只有一定要，才一定会得到。
523,脚下的路还很长，活着就要坚决走下去。,不要轻易用过去来衡量生活的幸与不幸!每个人的生命都是能够绽放美丽的，只要你珍惜。
524,地不耕种，再肥沃也长不出果实；人不学习，再聪明也目不识丁。,我相信，无论今后的道路多么坎坷，只要抓住今天，迟早会在奋斗中尝到人生的甘甜。抓住人生中的一分一秒，胜过虚度中的一月一年！
525,面对机会，你要勇敢，输也罢.赢也罢，都是一种经历，是一笔花钱买不来的财富。,只有收获，才能检验耕耘的好处；只有贡献，方可衡量人生的价值。
526,宁可辛苦一阵子，不要苦一辈子。,人活着要呼吸。呼者，出一口气；吸者，争一口气。
527,坚韧是成功的一大要素，只要在门上敲得够久.够大声，终会把人唤醒的。,愿中国青年都摆脱冷气，只是向上走，不必听自暴自弃者流的话。能做事的做事，能发声的发声。
528,松软的沙滩上最容易留下脚印，但也最容易被潮水抹去。,敢于向黑暗宣战的人，心里必须充满光明。
529,让自己一边成熟，一边寻找时机。等时机成熟时，理想就可以实现了。,水只有碰到石头才能碰出浪花。
530,尽自己最大的努力，抱最大的希望，作最坏的打算。,不要让追求之舟停泊在幻想的港湾，而应扬起奋斗的风帆，驶向现实生活的大海。
531,没有失败，只有暂时停止的成功。,我相信没有人会完全满足于自己的现状，筑梦踏实，我们的理想永远在前方，而同时，做好脚下的事。
532,命运掌握在自己手里，命运的好坏由自己去创造。,不念过往，不为未来，珍惜现在。
533,用心的人在每一次忧患中都看到一个机会，而消极的人则在每个机会都看到某种忧患。,明明知道无论花开花落都只是一场寂寞的演出，却仍然愿意倾尽全力来演好这一生。
534,用行动开启完美，用智慧点亮人生，用信心激励自我，用勇气点燃激情，用执着守候成功，用发奋打造精彩，用奋斗创造辉煌，用拼搏开拓未来！,我可以接受失败，但绝对不能接受未曾奋斗过的自己。
535,没有努力过的人，没有资格去鄙视那些正在努力的人。你不能因为自己变成了一个不痛不痒的人，就去嘲笑那些爱恨分明的人。,我们这个世界，从不会给一个伤心的落伍者颁发奖牌。
536,勇士搏出惊涛骇流而不沉沦，懦夫在风平浪静也会溺水。,那些在困难面前能够坚持到底.努力奋进的人最终能够战胜一切困难，取得最后的成功。
537,你要记住你不是为别人而活，你是为自己而活。,溪流的秀美是因为它脚下的路坎坷不平。
538,时间只是过客，自己才是主人，人生的路无需苛求，只要你迈步，路就在你的脚下延伸，只要你扬帆，便会有八面来风，启程了，人的生命才真正开始。,永不言败是追究者的最佳品格。
539,没有天生的信心，只有不断培养的信心。,能付出爱心就是福，能消除烦恼就是慧。
540,我希望你过看让自己骄傲的生活。如果没有，我希望你有勇气可以重头来过。,行动出成果，工作出财富。
541,生命很残酷，用悲伤让你了解什么叫幸福，用噪音教会你如何欣赏寂静，用弯路提醒你前方还有坦途。,每个人都是单行道的跳蚤，每个人都皈依自己的宗教。
542,在我们的生活中，如果没有了书籍，就好像小鸟在天空中飞翔时断了翅膀一样，永远不能前进。,用行动开启完美，用智慧点亮人生，用信心激励自我，用勇气点燃激情，用执着守候成功，用发奋打造精彩，用奋斗创造辉煌，用拼搏开拓未来！
543,成功其实很简单，就是当你坚持不住的时候，再坚持一下。,永远不要埋怨你已经发生的事情，要么就改变它，要么就安静的接受它。
544,积极的人在每一次忧患中都看到一个机会，而消极的人则在每个机会都看到某种忧患。,"当你不去旅行，不去冒险，不去谈一场恋爱，不过没试过的生活，每天只是挂着QQ,刷着微博，逛着淘宝，干着岁都能做的事情，那么你要青春有什么用。"
545,人生不过是一场旅途，看遍了红尘，终会踏上归途。,没有比手更大的天，没有比脚更长的路，没有比人更高的山，没有比心更宽的海。
546,一个人的成功不取决于他的智慧，而是毅力。,人若有志，就不会在半坡停止。
547,忍耐力较诸脑力，尤胜一筹。,有些事回不去了，这就是成长。
548,"我们的幸福取决于我们的愉快情绪,而愉快情绪又取决于身体的健康状况。我们的幸福十占其九依赖于我们的健康。只要我们保持健康,一切也就成了快乐源泉；但缺少了健康，一切外在的好处。",有些事情，只能是如人饮水，冷暖自知，不去强求别人能理解
549,说服自己感动自己征服自己，带着真诚感恩的心，勇敢地走完选定的生活道路，决不回头。,每件事情都必须有一个期限，否则，大多数人都会有多少时间就花掉多少时间。
550,咱们什么都没有，唯一的本钱就是青春。梦想让我与众不一样，奋斗让我改变命运!,所谓内心的快乐，是一个人过着健全的正常的和谐的生活所感人生所有的欢乐是创造的欢乐：爱情天才行动——全靠创造这一团烈火进射出来的。
551,如果你生气了，请在面对爱人之前先面对镜子。看看自己，你喜欢现在这张脸吗？,这场游戏，并不是由你来决定输赢，决定我们的命运。
552,坚强并不只是在大是大非中不屈服，而也是在挫折前不改变自己。,决不能放弃，世界上没有失败，只有放弃。
553,上帝从不抱怨人们的愚昧，人们却抱怨上帝的不公平。,这世界上没有绝对的感同身受能帮你的也只有你自己。
554,未曾失败的人恐怕也未曾成功过。,我想要自由飞翔，这一刻，我对自己说，我不在胆怯。
555,用行动祈祷比用言语更能够使上帝了解。,世事纷扰，本来就是司空见惯，我们需要改善的是我们自己的心态和环境，而不是把珍贵的力量，浪费在其他纠缠的烦恼里，虽然说性格是一个看不到的东西，但应该相信和维护自己情绪的秩序，温和而礼貌。
556,要先打败任何事情得先学会打败自己。,不大可能的事也许这天实现，根本不可能的事也许明天会实现。
557,人，要有梦想，才能有前进的动力。,绝望的时侯抬头看着希望的光芒其实一直存在。
558,成功就是你被击落到失望的深渊之后反弹得有多高。,人总爱跟别人比较，看看有谁比自己好，又有谁比不上自己。而其实，为你的烦恼和忧伤垫底的，从来不是别人的不幸和痛苦，而是你自己的态度。
559,生命对某些人来说是美丽的，这些人的一生都为某个目标而奋斗。,梦想是一个天真的词，实现梦想是个残酷的词。
560,大多数时候，消耗你能量的都不是工作，而是工作中遇到的人。干活本身是不累的，平衡情绪最累。,透过云端的道路，只亲吻攀登者的足迹。
561,你的假装努力，欺骗的只有你自己，永远不要用战术上的勤奋，来掩饰战略上的懒惰。,或许是时间炖化了他们的异端，或许是岁月油炸了我的坚持。
562,一个人除非自己有信心，否则带给别人信心。,在逆境中，智者知难而进，愚者消沉不前。
563,青春就像一只容器，装满了不安躁动青涩与偶尔的疯狂。,幻想一步成功者突遭失败，会觉得浪费了时刻，付出了精力，却认为没有任何收获;在失败面前，懦弱者痛苦迷茫，彷徨畏缩;而强者却坚持不懈，紧追不舍。
564,行动出成果，工作出财富。,当你孤独时，风儿就是我的歌声，愿它能使你得到片刻的安慰；当你骄傲时，雨点就是我的警钟，愿它能使你获得永恒的谦逊。
565,最使人厌烦的谈话有两种，一是从来不停下来想想，另一种是从来不想停下来。,只要站起来的次数比倒下去的次数多，那就是成功。
566,相信你行，你就活力无穷。,志在山顶的人，不会贪念山腰的风景。
567,每个不满意的此刻，都有个不努力的以前。,如果放弃太早，你永远都不知道自己会错过什么。
568,抓住回忆不放的人总是容易受伤，喜欢拿余生等句别来无恙,一个人能够不用长得太好看，懂太多事，明白哪只手夹雪茄更迷人，对所有红酒的年份倒背如流，但你得有自我的气场，这很重要。
569,背对太阳，阴影一片；迎着太阳，霞光万丈。,同样一件事情的发生，有的人感到非常痛苦，有的人却能坦然接受。因为这两者的忍耐能力不同。有忍耐能力的人才容易成功。
570,走好自己的路，让别人说去。,没有哪种教育能及得上逆境。
571,高峰只对攀登它而不是仰望它的人来说才有真正意义。,人生充满着期待，梦想连之后未来。
572,不要活在别人眼中，更不要活在别人嘴中。世界不会因为你的抱怨不满而为你改变，你能做到的只有改变你自己！,"滴水穿石,不是力量大,而是功夫深。"
573,自我打败自我是最可悲的失败，自我战胜自我是最可贵的胜利。,一定的忧愁.痛苦或烦恼，对每个人都是时时必需的。一艘船如果没有压舱物，便不会稳定，不能朝着目的地一直前进。
574,想一件事就要立刻去做，不要想后果，也不要看结果，只体会其中做事的感觉，相信自己的感觉，不会错，每天在生活，工作中，体会每天的充实，那样的人生才叫完美，才能体现人生的价值，一生才能无憾！,不要感叹时间总是流逝得太快，一辈子本来就不长。
575,赢了自己才能成功。,天下没有不可能的事，只要你有信心有勇气，腔子里有热血，灵魂里有真爱。
576,为什么不把随便你吧换成我很在乎你。,实现自己既定的目标，必须能耐得住寂寞单干。
577,我不怕痛苦，只怕丢掉倔强，我不怕磨难，只怕失去你。,世间最容易的事是坚持，最难的事也是坚持。要记住，坚持到底就是胜利。
578,想一件事就要立刻去做，不要想后果，也不要看结果，只体会其中做事的感觉，相信自己的感觉，不会错，每天在生活，工作中，体会每天的充实，那样的人生才叫完美，才能体现人生的价值，一生才能无憾！,不要杞人忧天。烦恼并不会减少明天的负担，却会失去今天的快乐。
579,你要么努力向上爬，要么烂在社会最底层的泥淖里。,最常见的勇气就是在日常生活中做到诚实和正直，能够抵制诱惑，敢于讲真话，表现自我真实的一面，而不好虚伪造作。
580,人的潜能是一座无法估量的丰富的矿藏，只等着我们去挖掘。,前方无绝路，希望在转角。
581,你既然认准一条道路，何必去打听要走多久。,生活没有太多的十全十美，所有的酸甜苦辣都是最好的回忆。
582,一定的忧愁.痛苦或烦恼，对每个人都是时时必需的。一艘船如果没有压舱物，便不会稳定，不能朝着目的地一直前进。,你在学习上这种尝试精神很可贵。
583,志向太远，不可怕；没有到达，不可怕可怕的是没有志向，失去了奋斗的方向。,再高的人有时也需踮足，再矮的人有时也需屈身。
584,不自重者，取辱。不自长者，取祸。不自满者，受益。不自足者，博闻。,你是唯一的，你是十分独特的，你就是你生命中的第一名。
585,知识给人重量，成就给人光彩，大多数人只是看到了光彩，而不去称量重量。,如果你不相信努力和时光，那么时光第一个就会辜负你。不要去否定你的过去，也不要用你的过去牵扯你的未来。不是因为有希望才去努力，而是努力了，才能看到希望。
586,心若计较，处处都是怨言;心若放宽，时时都是春天。,人生应该有所追求，但暂时得不到并不会阻碍日常生活的幸福，因此，拥有一颗平常心，是人生必不可少的润滑液剂。
587,弱者，连死的方式都无从选择。,终点回到原点享受那走不完的路。
588,有事者，事竟成；破釜沉舟，百二秦关终归楚；苦心人，天不负；卧薪尝胆，三千越甲可吞吴。,人生就那么短，不要为了变成别人喜欢的样子，委屈了自己。该开心时开心，想发泄就发泄。过好自己的生活的第一件事，就是为自己而活。
589,我们没资格颓废，唯一能做的只有一往无前。,你必须百分之百的把自己推销给自己。
590,无论做什么，记得是为自己而做，那就毫无怨言。,不必太纠结于当下，也不必太忧虑未来，当你经历过一些事情的时候，眼前的风景已经和从前不一样了。
591,不怕苦，吃苦三五年；怕吃苦，吃苦一辈子。,凡事不要说“我不会”或“不可能”，因为你根本还没有去做！
592,人若有志，万事可为。,忍耐力较诸脑力，尤胜一筹。
593,勤奋是学习的枝叶，当然很苦，智慧是学习的花朵，当然香郁。,如果事与愿违，就相信上帝另有安排。
594,不要让追求之舟停泊在幻想的港湾，而应扬起奋斗的风帆，驶向现实生活的大海。,有志始知蓬莱近，无为总觉咫尺远。
595,人生不如意者十之八九，当你面对突如其来的变故时，有一个叫做坚强的家伙已经在你的脑海里根植，它时刻提醒你面对困难，请用你的智慧和毅力去克服；面对不幸，请用你的真诚和微笑去感动；面对磨难，请用的耐心去品味；面对残缺和不完美的人生，请用坦然去接受。,那些属于我们的青春故事幸福，如今，都不复存在了，现在我们又有什么渴望的呢?
596,平安是幸，知足是福，清心是禄，寡欲是寿。,可怕的是，比你优秀的人比你还要努力。
597,努力学习，勤奋工作，让青春更加光彩。,保持激情;只有激情，你才有动力，才能感染自己和其他人。
598,忌妒别人，不会给自己增加任何的好处。忌妒别人，也不可能减少别人的成就。,脚下的路还很长，活着就要坚决走下去。
599,只要一息尚存，我就要坚持到底，因为我已明白成功的一大法则：坚持到底，就是胜利。,要跟成功者有同样的结果，就必须采取同样的行动。
600,心有多大，舞台就有多大！只有想不到的，没有做不到的！,我们必须拿我们所有的，去换我们所没有的。
601,把你的脸迎向阳光，那就不会有阴影。,天空黑暗到一定程度，星辰就会熠熠生辉。
602,当热诚变成习惯，恐惧和忧虑即无处容身。缺乏热诚的人也没有明确的目标。热诚使想象的轮子转动。一个人缺乏热诚就象汽车没有汽油。善于安排玩乐和工作，两者保持热诚，就是最快乐的人。热诚使平凡的话题变得生动。,用理想去成就人生，不要蹉跎了岁月。
603,让你难过的事情，有一天，你一定会笑着说出来。,给自己一份坚强，擦干眼泪；给自己一份自信，不卑不亢；给自己一份洒脱，悠然前行。轻轻品，静静藏。为了看阳光，我来到这世上；为了与阳光同行，我笑对忧伤。
604,收拾一下情绪，开始下一个新的开始。,要有最朴素的生活和最遥远的梦想，即使明天天寒地冻，山高水远，路远马亡。
605,生命之长短殊不重要，只要你活得快乐，在有生之年做些有意义的事，便已足够。,跌倒，撞墙，一败涂地，都不用害怕，年轻叫你勇敢。
606,当你能飞的时候就不要放弃飞;当你有梦的时候就不要放弃梦。,快乐，使生命得以延续。快乐，是精神和肉体的朝气，是希望和信念，是对自己的现在和来来的信心，是一切都该如此进行的信心。
607,最珍贵的不是你现在有多好，而是经过努力，每一天的自己都比之前更好。,所有的胜利，与征服自己的胜利比起来，都是微不足道。
608,不要等待机会，而要创造机会。,只有登上山顶，才能看到那边的风光。
609,所有的胜利，与征服自己的胜利比起来，都是微不足道。,出路出路，走出去了，总是会有路的。困难苦难，困在家里就是难。
610,山有封顶，还有彼岸，慢慢长途，终有回转，余味苦涩，终有回甘。,种子牢记着雨滴献身的叮嘱，增强了冒尖的勇气。
611,不管什么时候，学习都不晚。,请记得，好朋友的定义是：你混的好，她打心眼里为你开心；你混的不好，她由衷的为你着急。
612,如果没有人为你遮风挡雨，那就学会自己披荆斩棘，面对一切，用倔强的骄傲，活出无人能及的精彩。,忘掉失败，不过要牢记失败中的教训。
613,幻想在漫长的生活征途中顺水行舟的人，他的终点在下游。只有敢于扬起风帆，顶恶浪的勇士，才能争到上游。,勇士搏出惊涛骇流而不沉沦，懦夫在风平浪静也会溺水。
614,我们的不满足大部分并非源自于疾病或物质上的困境，而是未能充分活出自己。不知道自己是谁，不认识我们真正的存在本质，无法自在地做自己，所以才会有情绪上的苦恼。,不敢说真话是人旳耻辱，不能说真话是时代旳耻辱。
615,我们因为拥有青春而幸福快乐，不要给自己留下太多的遗憾，不要等到失去的时候才懂得珍惜。,你始终不属于我，属于我的只是我自己。
616,学习，学习，再学习！学，然后知不足。,如果因为生活中因为失去阳光而毫无生气，那么我们能够创造属于自己的彩虹啊！
617,人要想学习一点东西，就应该先学会谦逊。,只要站起来的次数比倒下去的次数多，那就是成功。
618,不要等待好事降临，你要向幸福进发。,生活不可能像你想的那么美好，但也不会像你想的那么糟。
619,不要活在别人眼中，更不要活在别人嘴中。世界不会因为你的抱怨不满而为你改变，你能做到的只有改变你自己！,"山涧的泉水经过一路曲折,才唱出一支美妙的歌。"
620,你心里最崇拜谁，不必变成那个人，而是用那个人的精神和方法，去变成你自己。,幻想一步成功者突遭失败，会觉得浪费了时刻，付出了精力，却认为没有任何收获;在失败面前，懦弱者痛苦迷茫，彷徨畏缩;而强者却坚持不懈，紧追不舍。
621,知难而上，奋发图强，是竞争的作用；知难而退消极颓唐，也是竞争的作用。,不要为小事遮住视线，我们还有更大的世界。
622,只会在水泥地上走路的人，永远不会留下深深的脚印。,有时候，坚持了你最不想干的事情之后，会得到你最想要的东西。
623,希望你像星辰，善良，明亮。,如果吼叫能解决问题，驴将统治世界。最近看到最经典的一句话。------控制情绪，温柔说话。
624,眼泪不是我们的答案，拼搏才是我们的选择。,要铭记在心：每天都是一年中最美好的日子。
625,有人在光明中注视着阴影，有人在阴影中眺望着光明。,你想过普通的生活，就会遇到普通的挫折。你想过最好的生活，就一定会遇上最强的伤害。这个世界很公平，想要最好，就一定会给你最痛。
626,时间，抓住了就是黄金，虚度了就是流水。理想，努力了才叫梦想，放弃了那只是妄想。努力，虽然未必会收获，但放弃，就一定一无所获。,不要什么都说运气问题，其实或许是你自己没有倾尽全力，你有多少付出，就有多少回报。
627,没有失败，只有暂时停止成功！,生活就像一面镜子，你若对她笑，她就对你笑。
628,没有不进步的人生，只有不进取的人！,有没有你都可以，但还是要全力以赴。
629,当你无法从一楼蹦到三楼时，不好忘记走楼梯。要记住伟大的成功往往不是一蹴而就的，务必学习并领悟分解你的目标，逐步实施。,永远不要埋怨你已经发生的事情，要么就改变它，要么就安静的接受它。
630,不要活在别人眼中，更不要活在别人嘴中。世界不会因为你的抱怨不满而为你改变，你能做到的只有改变你自己！,别总是无所事事，总有一天你会后悔。
631,天行健，君子以自强不息；地势坤，君子以厚德载物。,努力了不一定能够成功，但是放弃了肯定是失败。
632,常求有利别人，不求有利自己。,在我们追求和等待的那时，生命已不知不觉地偷渡过去。一个不会欣赏自己的人，往往难有快乐的情绪。你记住也好，我忘了也罢，生命本是一场来去轮回的旋转。
633,人性最可怜的就是：我们总是梦想着天边的一座奇妙的玫瑰园，而不去欣赏今天就开在我们窗口的玫瑰。,开始一种恐慌，停留与不可复制的回忆。
634,让我们将事前的忧虑，换为事前的思考和计划吧!,一个女人喜欢一个男人时，她希望听到谎言；当一个女人厌恶一个男人时，她希望听到真理。
635,只要你确信自己正确就去做。做了有人说不好，不做还是有人说不好，不要逃避批判。,在我们能掌控和拼搏的时间里，去提升我们生命的质量。
636,成功是命，一半拼命一半宿命，我会时刻的拼命，去迎接自己宿命的到来。,宁愿笑着流泪，也不哭着说后悔。
637,想平庸，也不甘心，真的不怎么喜欢现在的自己，但我会努力让自己变得更好。,每个人都是一个国王，在自己的世界里纵横跋扈，你不要听我的，但你也不要让我听你的。
638,不要放弃，你要配的上自己的野心，也不要辜负了所受的苦难。,成功其实很简单，就是当你坚持不住的时候，再坚持一下。
639,用理想去成就人生，不要蹉跎了岁月。,一个人只有亲眼看到自己伤疤的时候才知道什么是痛，什么是对与错。
640,这一秒不放弃，下一秒就有希望！坚持下去就会成功！,没有天生的信心，只有不断培养的信心。
641,低头是一种能力，它不是自卑，也不是怯弱，它是清醒中的嬗变。,在你内心深处，还有无穷的潜力，有一天当你回首看时，你就会知道这绝对是真的。
